SITE_ID,DATE,PARAMETER,VALUE,UNITS
SQ20601,5/07/1983,Turbidity,24,NTU
SQ20601,24/05/1984,Turbidity,98,NTU
SQ20601,18/09/1984,Turbidity,33,NTU
SQ20601,12/06/1985,Turbidity,6.4,NTU
SQ20601,22/04/1986,Turbidity,7.2,NTU
SQ20601,20/07/1988,Turbidity,9,NTU
SQ20601,3/04/1989,Turbidity,37,NTU
SQ20601,14/11/1989,Turbidity,45,NTU
SQ20601,3/04/1990,Turbidity,210,NTU
SQ20601,9/08/1990,Turbidity,41,NTU
SQ20601,10/10/1990,Turbidity,110,NTU
SQ20601,13/03/1991,Turbidity,23,NTU
SQ20601,21/08/1991,Turbidity,81,NTU
SQ20601,20/03/2000,Turbidity,75,NTU
SQ20601,17/07/2000,Turbidity,3.7,NTU
SQ20601,21/09/2000,Turbidity,120,NTU
SQ20601,24/10/2000,Turbidity,19,NTU
SQ20601,16/11/2000,Turbidity,190,NTU
SQ20601,12/12/2000,Turbidity,7.8,NTU
SQ20601,15/01/2001,Turbidity,150,NTU
SQ20601,28/02/2001,Turbidity,27,NTU
SQ20601,12/03/2001,Turbidity,60,NTU
SQ20601,10/04/2001,Turbidity,25,NTU
SQ20601,15/05/2001,Turbidity,15,NTU
SQ20601,20/06/2001,Turbidity,50,NTU
SQ20601,2/07/2003,Turbidity,7.8,NTU
SQ20601,4/08/2003,Turbidity,66,NTU
SQ20601,1/09/2003,Turbidity,7.5,NTU
SQ20601,7/10/2003,Turbidity,4.6,NTU
SQ20601,3/11/2003,Turbidity,21,NTU
SQ20601,1/12/2003,Turbidity,68,NTU
SQ20601,14/01/2004,Turbidity,47,NTU
SQ20601,2/02/2004,Turbidity,40,NTU
SQ20601,1/03/2004,Turbidity,24,NTU
SQ20601,19/04/2004,Turbidity,180,NTU
SQ20601,18/05/2004,Turbidity,6.8,NTU
SQ20601,1/06/2004,Turbidity,13,NTU
SQ20601,12/07/2004,Turbidity,76,NTU
SQ20601,9/08/2004,Turbidity,18,NTU
SQ20601,13/09/2004,Turbidity,220,NTU
SQ20601,11/10/2004,Turbidity,22,NTU
SQ20601,8/11/2004,Turbidity,200,NTU
SQ20601,6/12/2004,Turbidity,85,NTU
SQ20601,18/01/2005,Turbidity,33,NTU
SQ20601,7/02/2005,Turbidity,28,NTU
SQ20601,7/03/2005,Turbidity,64,NTU
SQ20601,11/04/2005,Turbidity,93,NTU
SQ20601,9/05/2005,Turbidity,25,NTU
SQ20601,7/06/2005,Turbidity,12,NTU
SQ20601,4/07/2005,Turbidity,28,NTU
SQ20601,1/08/2005,Turbidity,28,NTU
SQ20601,5/09/2005,Turbidity,200,NTU
SQ20601,3/10/2005,Turbidity,26,NTU
SQ20601,1/11/2005,Turbidity,2500,NTU
SQ20601,5/12/2005,Turbidity,66,NTU
SQ20601,17/01/2006,Turbidity,120,NTU
SQ20601,8/02/2006,Turbidity,62,NTU
SQ20601,7/03/2006,Turbidity,640,NTU
SQ20601,3/04/2006,Turbidity,60,NTU
SQ20601,1/05/2006,Turbidity,11,NTU
SQ20601,1/05/2006,Turbidity,7.4,NTU
SQ20601,6/06/2006,Turbidity,58,NTU
SQ20601,3/07/2006,Turbidity,34,NTU
SQ20601,2/08/2006,Turbidity,300,NTU
SQ20601,4/09/2006,Turbidity,12,NTU
SQ20601,2/10/2006,Turbidity,290,NTU
SQ20601,1/11/2006,Turbidity,15,NTU
SQ20601,7/12/2006,Turbidity,57,NTU
SQ20601,18/01/2007,Turbidity,86,NTU
SQ20601,21/02/2007,Turbidity,73,NTU
SQ20601,20/03/2007,Turbidity,180,NTU
SQ20601,3/04/2007,Turbidity,84,NTU
SQ20601,7/05/2007,Turbidity,16,NTU
SQ20601,5/06/2007,Turbidity,24,NTU
SQ20601,3/07/2007,Turbidity,5.7,NTU
SQ20601,6/08/2007,Turbidity,25,NTU
SQ20601,4/09/2007,Turbidity,180,NTU
SQ20601,2/10/2007,Turbidity,110,NTU
SQ20601,5/11/2007,Turbidity,64,NTU
SQ20601,12/12/2007,Turbidity,37,NTU
SQ20601,7/01/2008,Turbidity,36,NTU
SQ20601,11/02/2008,Turbidity,140,NTU
SQ20601,3/03/2008,Turbidity,10,NTU
SQ20601,1/04/2008,Turbidity,4.1,NTU
SQ20601,5/05/2008,Turbidity,9.3,NTU
SQ20601,3/06/2008,Turbidity,5.4,NTU
SQ20601,1/07/2008,Turbidity,5.4,NTU
SQ20601,11/08/2008,Turbidity,15,NTU
SQ20601,1/09/2008,Turbidity,40,NTU
SQ20601,6/10/2008,Turbidity,210,NTU
SQ20601,3/11/2008,Turbidity,56,NTU
SQ20601,3/12/2008,Turbidity,89,NTU
SQ20601,5/01/2009,Turbidity,99,NTU
SQ20601,2/02/2009,Turbidity,290,NTU
SQ20601,3/03/2009,Turbidity,40,NTU
SQ20601,6/04/2009,Turbidity,180,NTU
SQ20601,4/05/2009,Turbidity,5.4,NTU
SQ20601,2/06/2009,Turbidity,39,NTU
SQ20601,8/07/2009,Turbidity,22,NTU
SQ20601,3/08/2009,Turbidity,15,NTU
SQ20601,7/09/2009,Turbidity,12,NTU
SQ20601,6/10/2009,Turbidity,18,NTU
SQ20601,2/11/2009,Turbidity,170,NTU
SQ20601,3/12/2009,Turbidity,140,NTU
SQ20601,12/01/2010,Turbidity,200,NTU
SQ20601,8/02/2010,Turbidity,140,NTU
SQ20601,17/03/2010,Turbidity,130,NTU
SQ20601,15/04/2010,Turbidity,55,NTU
SQ20601,10/05/2010,Turbidity,46,NTU
SQ20601,10/06/2010,Turbidity,32,NTU
SQ20601,13/07/2010,Turbidity,25,NTU
SQ20601,3/08/2010,Turbidity,63,NTU
SQ20601,14/09/2010,Turbidity,75,NTU
SQ20601,5/10/2010,Turbidity,43,NTU
SQ20601,2/11/2010,Turbidity,57,NTU
SQ20601,14/12/2010,Turbidity,77,NTU
SQ20601,11/01/2011,Turbidity,17,NTU
SQ20601,1/02/2011,Turbidity,26,NTU
SQ20601,10/03/2011,Turbidity,51,NTU
SQ20601,12/04/2011,Turbidity,6,NTU
SQ20601,3/05/2011,Turbidity,4.4,NTU
SQ20601,7/06/2011,Turbidity,45,NTU
SQ20601,13/07/2011,Turbidity,26,NTU
SQ20601,4/08/2011,Turbidity,9.5,NTU
SQ20601,7/09/2011,Turbidity,160,NTU
SQ20601,6/10/2011,Turbidity,42,NTU
SQ20601,3/11/2011,Turbidity,110,NTU
SQ20601,7/12/2011,Turbidity,180,NTU
SQ20601,11/01/2012,Turbidity,69,NTU
SQ20601,8/02/2012,Turbidity,310,NTU
SQ20601,7/03/2012,Turbidity,100,NTU
SQ20601,3/04/2012,Turbidity,50,NTU
SQ20601,3/05/2012,Turbidity,71,NTU
SQ20601,7/06/2012,Turbidity,14,NTU
SQ20601,30/07/2012,Turbidity,5.3,NTU
SQ20601,23/08/2012,Turbidity,42,NTU
SQ20601,10/09/2012,Turbidity,96,NTU
SQ20601,9/10/2012,Turbidity,250,NTU
SQ20601,6/11/2012,Turbidity,78,NTU
SQ20601,13/12/2012,Turbidity,93,NTU
SQ20601,9/01/2013,Turbidity,143,NTU
SQ20601,8/02/2013,Turbidity,115,NTU
SQ20601,11/03/2013,Turbidity,128,NTU
SQ20601,2/05/2013,Turbidity,15.9,NTU
SQ20601,10/06/2013,Turbidity,16.9,NTU
SQ20601,19/07/2013,Turbidity,47,NTU
SQ20601,29/08/2013,Turbidity,36,NTU
SQ20601,19/09/2013,Turbidity,35,NTU
SQ20601,17/10/2013,Turbidity,28,NTU
SQ20601,12/11/2013,Turbidity,46,NTU
SQ20601,4/12/2013,Turbidity,22,NTU
SQ20601,16/01/2014,Turbidity,16.9,NTU
SQ20601,14/02/2014,Turbidity,4.4,NTU
SQ20601,12/03/2014,Turbidity,41,NTU
SQ20601,22/04/2014,Turbidity,41,NTU
SQ20601,21/05/2014,Turbidity,65,NTU
SQ20601,12/06/2014,Turbidity,32,NTU
SQ20601,15/07/2014,Turbidity,15.4,NTU
SQ20601,12/08/2014,Turbidity,54,NTU
SQ20601,25/09/2014,Turbidity,23,NTU
SQ20601,15/10/2014,Turbidity,177,NTU
SQ20601,21/11/2014,Turbidity,210,NTU
SQ20601,10/12/2014,Turbidity,340,NTU
SQ20601,22/01/2015,Turbidity,166,NTU
SQ20601,10/02/2015,Turbidity,175,NTU
SQ20601,10/02/2015,Turbidity,175,NTU
SQ20601,12/03/2015,Turbidity,162,NTU
SQ20601,22/04/2015,Turbidity,23,NTU
SQ20601,18/05/2015,Turbidity,19.5,NTU
SQ20601,15/06/2015,Turbidity,26,NTU
SQ20601,16/07/2015,Turbidity,5.7,NTU
SQ20601,11/08/2015,Turbidity,22,NTU
SQ20601,11/09/2015,Turbidity,22,NTU
SQ20601,14/10/2015,Turbidity,240,NTU
SQ20601,18/11/2015,Turbidity,440,NTU
SQ20601,8/12/2015,Turbidity,155,NTU
SQ20601,20/01/2016,Turbidity,80,NTU
SQ20601,16/02/2016,Turbidity,42,NTU
SQ20601,11/03/2016,Turbidity,270,NTU
SQ20601,14/04/2016,Turbidity,32,NTU
SQ20601,12/05/2016,Turbidity,240,NTU
SQ20601,8/06/2016,Turbidity,12.7,NTU
SQ20601,12/07/2016,Turbidity,36,NTU
SQ20601,10/08/2016,Turbidity,24,NTU
SQ20601,9/09/2016,Turbidity,250,NTU
SQ20601,11/10/2016,Turbidity,87,NTU
SQ20601,9/11/2016,Turbidity,112,NTU
SQ20601,12/12/2016,Turbidity,250,NTU
SQ20601,20/01/2017,Turbidity,210,NTU
SQ20601,16/02/2017,Turbidity,94,NTU
SQ20601,21/03/2017,Turbidity,124,NTU
SQ20601,11/04/2017,Turbidity,5.6,NTU
SQ20601,16/05/2017,Turbidity,28,NTU
SQ20601,9/06/2017,Turbidity,15,NTU
SQ20601,11/07/2017,Turbidity,19.6,NTU
SQ20601,9/08/2017,Turbidity,40,NTU
SQ20601,13/09/2017,Turbidity,129,NTU
SQ20601,29/09/2017,Turbidity,159,NTU
SQ20601,10/10/2017,Turbidity,80,NTU
SQ20601,27/10/2017,Turbidity,220,NTU
SQ30079,6/12/2004,Turbidity,0.6,NTU
SQ30079,11/01/2005,Turbidity,0.3,NTU
SQ30079,8/02/2005,Turbidity,0.3,NTU
SQ30079,16/03/2005,Turbidity,0.6,NTU
SQ30079,14/04/2005,Turbidity,0.5,NTU
SQ30079,24/01/2006,Turbidity,1,NTU
SQ30079,24/02/2006,Turbidity,0.3,NTU
SQ30079,23/03/2006,Turbidity,0.2,NTU
SQ30079,19/04/2006,Turbidity,0.3,NTU
SQ30079,19/04/2006,Turbidity,0.3,NTU
SQ30079,30/01/2007,Turbidity,0.6,NTU
SQ30079,28/02/2007,Turbidity,0.6,NTU
SQ30079,27/03/2007,Turbidity,0.5,NTU
SQ30079,19/04/2007,Turbidity,0.3,NTU
SQ30079,16/01/2008,Turbidity,0.5,NTU
SQ30079,19/02/2008,Turbidity,0.4,NTU
SQ30079,27/03/2008,Turbidity,0.3,NTU
SQ30079,23/04/2008,Turbidity,0.2,NTU
SQ30079,21/01/2009,Turbidity,0.6,NTU
SQ30079,17/02/2009,Turbidity,0.3,NTU
SQ30079,17/03/2009,Turbidity,0.3,NTU
SQ30079,21/04/2009,Turbidity,0.2,NTU
SQ30079,17/12/2009,Turbidity,1.1,NTU
SQ30079,27/01/2010,Turbidity,0.5,NTU
SQ30079,23/02/2010,Turbidity,0.5,NTU
SQ30079,29/03/2010,Turbidity,0.8,NTU
SQ30079,5/05/2010,Turbidity,0.3,NTU
SQ30079,16/12/2010,Turbidity,0.5,NTU
SQ30079,24/01/2011,Turbidity,3.4,NTU
SQ30079,24/03/2011,Turbidity,0.9,NTU
SQ30079,9/12/2011,Turbidity,3.9,NTU
SQ30079,24/01/2012,Turbidity,1.1,NTU
SQ30079,27/02/2012,Turbidity,0.4,NTU
SQ30079,27/03/2012,Turbidity,0.6,NTU
SQ30079,3/05/2012,Turbidity,0.3,NTU
SQ30079,21/01/2013,Turbidity,2.6,NTU
SQ30079,8/02/2013,Turbidity,0.9,NTU
SQ30079,28/02/2013,Turbidity,0.79,NTU
SQ30079,20/03/2013,Turbidity,0.45,NTU
SQ30079,24/04/2013,Turbidity,0.32,NTU
SQ30079,23/12/2013,Turbidity,0.86,NTU
SQ30079,24/01/2014,Turbidity,0.82,NTU
SQ30079,26/02/2014,Turbidity,0.55,NTU
SQ30079,21/03/2014,Turbidity,0.41,NTU
SQ30079,24/04/2014,Turbidity,0.26,NTU
SQ30079,24/04/2014,Turbidity,0.26,NTU
SQ30079,16/12/2014,Turbidity,0.79,NTU
SQ30079,22/01/2015,Turbidity,0.52,NTU
SQ30079,17/02/2015,Turbidity,0.42,NTU
SQ30079,10/03/2015,Turbidity,0.73,NTU
SQ30079,19/05/2015,Turbidity,1.16,NTU
SQ30079,9/12/2015,Turbidity,0.42,NTU
SQ30079,31/01/2016,Turbidity,0.49,NTU
SQ30079,23/02/2016,Turbidity,0.53,NTU
SQ30079,22/03/2016,Turbidity,0.49,NTU
SQ30079,26/04/2016,Turbidity,0.31,NTU
SQ30079,30/01/2017,Turbidity,2,NTU
SQ30079,15/02/2017,Turbidity,1.17,NTU
SQ30079,16/03/2017,Turbidity,0.45,NTU
SQ30079,10/04/2017,Turbidity,0.65,NTU
SQ30079,2/05/2017,Turbidity,0.58,NTU
SQ30140,8/03/1988,Turbidity,1,NTU
SQ30140,17/11/1988,Turbidity,2,NTU
SQ30140,17/12/2009,Turbidity,1.1,NTU
SQ30140,27/01/2010,Turbidity,0.3,NTU
SQ30140,23/02/2010,Turbidity,0.5,NTU
SQ30140,29/03/2010,Turbidity,1,NTU
SQ30140,5/05/2010,Turbidity,0.4,NTU
SQ30140,16/12/2010,Turbidity,0.6,NTU
SQ30140,24/01/2011,Turbidity,0.3,NTU
SQ30140,24/03/2011,Turbidity,1,NTU
SQ30140,31/01/2016,Turbidity,0.77,NTU
SQ30140,23/02/2016,Turbidity,0.89,NTU
SQ30140,22/03/2016,Turbidity,0.83,NTU
SQ30140,26/04/2016,Turbidity,0.67,NTU
SQ30140,30/01/2017,Turbidity,1.05,NTU
SQ30140,15/02/2017,Turbidity,1.05,NTU
SQ30140,16/03/2017,Turbidity,0.92,NTU
SQ30140,10/04/2017,Turbidity,2.5,NTU
SQ30140,2/05/2017,Turbidity,1.02,NTU
SQ30141,8/03/1988,Turbidity,1,NTU
SQ30141,17/11/1988,Turbidity,2,NTU
SQ30141,20/04/1989,Turbidity,1,NTU
SQ30141,22/11/1989,Turbidity,0.62,NTU
SQ30141,17/10/1990,Turbidity,0.65,NTU
SQ30141,23/09/1992,Turbidity,0.5,NTU
SQ30141,3/06/1993,Turbidity,0.7,NTU
SQ30141,2/10/1995,Turbidity,0.75,NTU
SQ30141,12/03/1996,Turbidity,0.4,NTU
SQ30141,10/04/1997,Turbidity,0.5,NTU
SQ30141,28/05/1998,Turbidity,0.64,NTU
SQ30141,5/11/1998,Turbidity,0.62,NTU
SQ30141,16/03/2005,Turbidity,0.3,NTU
SQ30141,14/04/2005,Turbidity,0.4,NTU
SQ30141,24/01/2006,Turbidity,0.3,NTU
SQ30141,24/02/2006,Turbidity,0.3,NTU
SQ30141,23/03/2006,Turbidity,0.2,NTU
SQ30141,19/04/2006,Turbidity,0.3,NTU
SQ30141,19/04/2006,Turbidity,0.4,NTU
SQ30141,30/01/2007,Turbidity,0.4,NTU
SQ30141,28/02/2007,Turbidity,0.4,NTU
SQ30141,27/03/2007,Turbidity,0.4,NTU
SQ30141,19/04/2007,Turbidity,4.7,NTU
SQ30141,16/01/2008,Turbidity,0.3,NTU
SQ30141,19/02/2008,Turbidity,0.2,NTU
SQ30141,27/03/2008,Turbidity,0.2,NTU
SQ30141,23/04/2008,Turbidity,0.3,NTU
SQ30141,21/01/2009,Turbidity,0.3,NTU
SQ30141,17/02/2009,Turbidity,0.3,NTU
SQ30141,17/03/2009,Turbidity,0.2,NTU
SQ30141,21/04/2009,Turbidity,0.2,NTU
SQ30141,17/12/2009,Turbidity,0.5,NTU
SQ30141,27/01/2010,Turbidity,0.5,NTU
SQ30141,23/02/2010,Turbidity,0.3,NTU
SQ30141,29/03/2010,Turbidity,0.4,NTU
SQ30141,5/05/2010,Turbidity,0.2,NTU
SQ30141,16/12/2010,Turbidity,0.4,NTU
SQ30141,24/01/2011,Turbidity,0.2,NTU
SQ30141,24/03/2011,Turbidity,0.6,NTU
SQ30141,9/12/2011,Turbidity,0.1,NTU
SQ30141,24/01/2012,Turbidity,0.2,NTU
SQ30141,27/02/2012,Turbidity,0.4,NTU
SQ30141,27/03/2012,Turbidity,0.6,NTU
SQ30141,3/05/2012,Turbidity,0.2,NTU
SQ30141,21/01/2013,Turbidity,0.39,NTU
SQ30141,8/02/2013,Turbidity,0.4,NTU
SQ30141,28/02/2013,Turbidity,0.31,NTU
SQ30141,20/03/2013,Turbidity,0.64,NTU
SQ30141,26/04/2013,Turbidity,0.34,NTU
SQ30141,23/12/2013,Turbidity,0.41,NTU
SQ30141,24/01/2014,Turbidity,0.6,NTU
SQ30141,26/02/2014,Turbidity,0.54,NTU
SQ30141,21/03/2014,Turbidity,0.57,NTU
SQ30141,24/04/2014,Turbidity,0.48,NTU
SQ30141,16/12/2014,Turbidity,0.75,NTU
SQ30141,22/01/2015,Turbidity,0.3,NTU
SQ30141,17/02/2015,Turbidity,0.42,NTU
SQ30141,10/03/2015,Turbidity,0.56,NTU
SQ30141,19/05/2015,Turbidity,0.63,NTU
SQ30141,9/12/2015,Turbidity,1.19,NTU
SQ30141,31/01/2016,Turbidity,0.32,NTU
SQ30141,23/02/2016,Turbidity,0.6,NTU
SQ30141,22/03/2016,Turbidity,0.78,NTU
SQ30141,26/04/2016,Turbidity,0.5,NTU
SQ30141,30/01/2017,Turbidity,0.61,NTU
SQ30141,15/02/2017,Turbidity,0.44,NTU
SQ30141,15/02/2017,Turbidity,0.44,NTU
SQ30141,2/05/2017,Turbidity,0.64,NTU
SQ30144,17/12/2009,Turbidity,0.5,NTU
SQ30144,27/01/2010,Turbidity,0.4,NTU
SQ30144,23/02/2010,Turbidity,0.4,NTU
SQ30144,29/03/2010,Turbidity,0.4,NTU
SQ30144,5/05/2010,Turbidity,0.3,NTU
SQ30144,16/12/2010,Turbidity,0.8,NTU
SQ30144,24/01/2011,Turbidity,0.4,NTU
SQ30144,24/03/2011,Turbidity,1.1,NTU
SQ30144,9/12/2015,Turbidity,3.9,NTU
SQ30144,31/01/2016,Turbidity,0.8,NTU
SQ30144,23/02/2016,Turbidity,0.95,NTU
SQ30144,22/03/2016,Turbidity,0.77,NTU
SQ30144,26/04/2016,Turbidity,31,NTU
SQ30144,30/01/2017,Turbidity,52,NTU
SQ30144,15/02/2017,Turbidity,0.72,NTU
SQ30144,16/03/2017,Turbidity,1.13,NTU
SQ30144,10/04/2017,Turbidity,0.76,NTU
SQ30144,2/05/2017,Turbidity,0.64,NTU
SQ30147,9/03/1976,Turbidity,2,NTU
SQ30147,20/04/1989,Turbidity,1,NTU
SQ30147,22/11/1989,Turbidity,1.2,NTU
SQ30147,17/10/1990,Turbidity,0.6,NTU
SQ30147,23/09/1992,Turbidity,0.76,NTU
SQ30147,3/06/1993,Turbidity,0.45,NTU
SQ30147,2/10/1995,Turbidity,4.3,NTU
SQ30147,12/03/1996,Turbidity,0.6,NTU
SQ30147,10/04/1997,Turbidity,0.75,NTU
SQ30147,28/05/1998,Turbidity,0.38,NTU
SQ30147,5/11/1998,Turbidity,3.9,NTU
SQ30147,6/12/2004,Turbidity,0.9,NTU
SQ30147,11/01/2005,Turbidity,0.8,NTU
SQ30147,8/02/2005,Turbidity,3.1,NTU
SQ30147,16/03/2005,Turbidity,0.8,NTU
SQ30147,14/04/2005,Turbidity,0.9,NTU
SQ30147,24/01/2006,Turbidity,0.4,NTU
SQ30147,24/02/2006,Turbidity,0.4,NTU
SQ30147,23/03/2006,Turbidity,0.4,NTU
SQ30147,19/04/2006,Turbidity,0.3,NTU
SQ30147,19/04/2006,Turbidity,0.3,NTU
SQ30147,30/01/2007,Turbidity,0.6,NTU
SQ30147,28/02/2007,Turbidity,0.5,NTU
SQ30147,27/03/2007,Turbidity,0.5,NTU
SQ30147,19/04/2007,Turbidity,0.3,NTU
SQ30147,16/01/2008,Turbidity,0.6,NTU
SQ30147,19/02/2008,Turbidity,0.5,NTU
SQ30147,27/03/2008,Turbidity,0.4,NTU
SQ30147,23/04/2008,Turbidity,0.4,NTU
SQ30147,21/01/2009,Turbidity,0.5,NTU
SQ30147,17/02/2009,Turbidity,0.6,NTU
SQ30147,17/03/2009,Turbidity,0.4,NTU
SQ30147,21/04/2009,Turbidity,0.5,NTU
SQ30147,17/12/2009,Turbidity,1.5,NTU
SQ30147,27/01/2010,Turbidity,0.7,NTU
SQ30147,23/02/2010,Turbidity,0.4,NTU
SQ30147,29/03/2010,Turbidity,0.5,NTU
SQ30147,5/05/2010,Turbidity,0.3,NTU
SQ30147,16/12/2010,Turbidity,0.6,NTU
SQ30147,24/01/2011,Turbidity,0.7,NTU
SQ30147,24/03/2011,Turbidity,0.8,NTU
SQ30147,9/12/2011,Turbidity,1.4,NTU
SQ30147,24/01/2012,Turbidity,0.5,NTU
SQ30147,27/02/2012,Turbidity,1,NTU
SQ30147,27/03/2012,Turbidity,1.3,NTU
SQ30147,3/05/2012,Turbidity,0.6,NTU
SQ30147,21/01/2013,Turbidity,0.97,NTU
SQ30147,8/02/2013,Turbidity,0.71,NTU
SQ30147,28/02/2013,Turbidity,0.58,NTU
SQ30147,20/03/2013,Turbidity,0.38,NTU
SQ30147,24/04/2013,Turbidity,0.34,NTU
SQ30147,23/12/2013,Turbidity,0.84,NTU
SQ30147,24/01/2014,Turbidity,1.22,NTU
SQ30147,26/02/2014,Turbidity,0.91,NTU
SQ30147,21/03/2014,Turbidity,1.33,NTU
SQ30147,24/04/2014,Turbidity,0.76,NTU
SQ30147,16/12/2014,Turbidity,0.86,NTU
SQ30147,22/01/2015,Turbidity,0.46,NTU
SQ30147,17/02/2015,Turbidity,0.69,NTU
SQ30147,10/03/2015,Turbidity,1.03,NTU
SQ30147,19/05/2015,Turbidity,0.91,NTU
SQ30147,9/12/2015,Turbidity,0.66,NTU
SQ30147,31/01/2016,Turbidity,0.48,NTU
SQ30147,23/02/2016,Turbidity,0.6,NTU
SQ30147,22/03/2016,Turbidity,0.56,NTU
SQ30147,26/04/2016,Turbidity,0.75,NTU
SQ30147,30/01/2017,Turbidity,1.72,NTU
SQ30147,15/02/2017,Turbidity,1.15,NTU
SQ30147,16/03/2017,Turbidity,0.59,NTU
SQ30147,10/04/2017,Turbidity,1.66,NTU
SQ30147,2/05/2017,Turbidity,1.13,NTU
SQ30486,21/01/1976,Turbidity,2.2,NTU
SQ30486,6/12/2004,Turbidity,0.4,NTU
SQ30486,11/01/2005,Turbidity,0.4,NTU
SQ30486,8/02/2005,Turbidity,0.5,NTU
SQ30486,16/03/2005,Turbidity,0.5,NTU
SQ30486,14/04/2005,Turbidity,0.7,NTU
SQ30486,24/01/2006,Turbidity,0.4,NTU
SQ30486,24/02/2006,Turbidity,0.3,NTU
SQ30486,23/03/2006,Turbidity,0.5,NTU
SQ30486,19/04/2006,Turbidity,0.1,NTU
SQ30486,19/04/2006,Turbidity,0.2,NTU
SQ30486,30/01/2007,Turbidity,0.5,NTU
SQ30486,28/02/2007,Turbidity,0.5,NTU
SQ30486,27/03/2007,Turbidity,0.5,NTU
SQ30486,19/04/2007,Turbidity,0.3,NTU
SQ30486,16/01/2008,Turbidity,0.4,NTU
SQ30486,19/02/2008,Turbidity,0.3,NTU
SQ30486,27/03/2008,Turbidity,0.4,NTU
SQ30486,23/04/2008,Turbidity,0.3,NTU
SQ30486,21/01/2009,Turbidity,0.4,NTU
SQ30486,17/02/2009,Turbidity,0.4,NTU
SQ30486,17/03/2009,Turbidity,0.3,NTU
SQ30486,21/04/2009,Turbidity,0.2,NTU
SQ30486,17/12/2009,Turbidity,0.4,NTU
SQ30486,27/01/2010,Turbidity,0.4,NTU
SQ30486,23/02/2010,Turbidity,0.5,NTU
SQ30486,29/03/2010,Turbidity,0.3,NTU
SQ30486,5/05/2010,Turbidity,0.2,NTU
SQ30486,16/12/2010,Turbidity,0.3,NTU
SQ30486,24/01/2011,Turbidity,0.2,NTU
SQ30486,24/03/2011,Turbidity,0.4,NTU
SQ30486,9/12/2011,Turbidity,0.6,NTU
SQ30486,24/01/2012,Turbidity,0.3,NTU
SQ30486,27/02/2012,Turbidity,0.5,NTU
SQ30486,27/03/2012,Turbidity,0.7,NTU
SQ30486,3/05/2012,Turbidity,0.3,NTU
SQ30486,21/01/2013,Turbidity,3.8,NTU
SQ30486,8/02/2013,Turbidity,0.7,NTU
SQ30486,28/02/2013,Turbidity,1.42,NTU
SQ30486,20/03/2013,Turbidity,0.66,NTU
SQ30486,24/04/2013,Turbidity,0.52,NTU
SQ30486,23/12/2013,Turbidity,0.64,NTU
SQ30486,24/01/2014,Turbidity,0.77,NTU
SQ30486,26/02/2014,Turbidity,0.88,NTU
SQ30486,21/03/2014,Turbidity,0.76,NTU
SQ30486,24/04/2014,Turbidity,0.68,NTU
SQ30486,16/12/2014,Turbidity,0.8,NTU
SQ30486,22/01/2015,Turbidity,0.55,NTU
SQ30486,17/02/2015,Turbidity,0.93,NTU
SQ30486,10/03/2015,Turbidity,0.81,NTU
SQ30486,19/05/2015,Turbidity,1.81,NTU
SQ30486,9/12/2015,Turbidity,0.45,NTU
SQ30486,31/01/2016,Turbidity,0.68,NTU
SQ30486,23/02/2016,Turbidity,0.63,NTU
SQ30486,22/03/2016,Turbidity,0.42,NTU
SQ30486,26/04/2016,Turbidity,0.52,NTU
SQ30486,30/01/2017,Turbidity,0.71,NTU
SQ30486,15/02/2017,Turbidity,0.5,NTU
SQ30486,16/03/2017,Turbidity,0.43,NTU
SQ30486,10/04/2017,Turbidity,7.1,NTU
SQ30486,2/05/2017,Turbidity,0.61,NTU
SQ30497,31/03/1988,Turbidity,1,NTU
SQ30497,23/05/1990,Turbidity,0.7,NTU
SQ30497,22/10/1992,Turbidity,0.38,NTU
SQ30497,8/03/1993,Turbidity,0.4,NTU
SQ30497,17/10/1995,Turbidity,0.6,NTU
SQ30497,19/04/1996,Turbidity,1.5,NTU
SQ30497,3/03/1997,Turbidity,0.6,NTU
SQ30497,9/12/1997,Turbidity,0.35,NTU
SQ30497,23/03/1998,Turbidity,0.73,NTU
SQ30497,3/12/2002,Turbidity,0.2,NTU
SQ30497,19/12/2002,Turbidity,0.3,NTU
SQ30497,17/01/2003,Turbidity,0.4,NTU
SQ30497,21/02/2003,Turbidity,0.4,NTU
SQ30497,6/12/2004,Turbidity,0.5,NTU
SQ30497,11/01/2005,Turbidity,0.5,NTU
SQ30497,8/02/2005,Turbidity,0.5,NTU
SQ30497,16/03/2005,Turbidity,0.3,NTU
SQ30497,14/04/2005,Turbidity,0.6,NTU
SQ30497,24/01/2006,Turbidity,0.4,NTU
SQ30497,24/02/2006,Turbidity,0.4,NTU
SQ30497,23/03/2006,Turbidity,0.4,NTU
SQ30497,19/04/2006,Turbidity,0.3,NTU
SQ30497,19/04/2006,Turbidity,0.4,NTU
SQ30497,30/01/2007,Turbidity,0.7,NTU
SQ30497,28/02/2007,Turbidity,0.8,NTU
SQ30497,27/03/2007,Turbidity,0.8,NTU
SQ30497,19/04/2007,Turbidity,0.7,NTU
SQ30497,16/01/2008,Turbidity,0.5,NTU
SQ30497,19/02/2008,Turbidity,0.5,NTU
SQ30497,27/03/2008,Turbidity,0.6,NTU
SQ30497,23/04/2008,Turbidity,0.3,NTU
SQ30497,21/01/2009,Turbidity,0.5,NTU
SQ30497,17/02/2009,Turbidity,0.6,NTU
SQ30497,17/03/2009,Turbidity,0.4,NTU
SQ30497,21/04/2009,Turbidity,0.4,NTU
SQ30497,17/12/2009,Turbidity,0.5,NTU
SQ30497,27/01/2010,Turbidity,0.4,NTU
SQ30497,23/02/2010,Turbidity,0.4,NTU
SQ30497,29/03/2010,Turbidity,0.4,NTU
SQ30497,5/05/2010,Turbidity,0.3,NTU
SQ30497,16/12/2010,Turbidity,0.4,NTU
SQ30497,24/01/2011,Turbidity,0.3,NTU
SQ30497,24/03/2011,Turbidity,0.8,NTU
SQ30497,9/12/2011,Turbidity,0.4,NTU
SQ30497,24/01/2012,Turbidity,0.5,NTU
SQ30497,27/02/2012,Turbidity,0.6,NTU
SQ30497,27/03/2012,Turbidity,1.1,NTU
SQ30497,3/05/2012,Turbidity,0.3,NTU
SQ30497,21/01/2013,Turbidity,1.08,NTU
SQ30497,8/02/2013,Turbidity,1.21,NTU
SQ30497,28/02/2013,Turbidity,0.86,NTU
SQ30497,20/03/2013,Turbidity,1.18,NTU
SQ30497,24/04/2013,Turbidity,1.59,NTU
SQ30497,23/12/2013,Turbidity,0.99,NTU
SQ30497,24/01/2014,Turbidity,1.23,NTU
SQ30497,26/02/2014,Turbidity,1.37,NTU
SQ30497,21/03/2014,Turbidity,1.51,NTU
SQ30497,24/04/2014,Turbidity,1.33,NTU
SQ30497,16/12/2014,Turbidity,1.42,NTU
SQ30497,22/01/2015,Turbidity,0.97,NTU
SQ30497,17/02/2015,Turbidity,1.27,NTU
SQ30497,10/03/2015,Turbidity,1.63,NTU
SQ30497,19/05/2015,Turbidity,1.84,NTU
SQ30497,9/12/2015,Turbidity,1.37,NTU
SQ30497,31/01/2016,Turbidity,1.31,NTU
SQ30497,23/02/2016,Turbidity,1.6,NTU
SQ30497,22/03/2016,Turbidity,1.72,NTU
SQ30497,26/04/2016,Turbidity,1.62,NTU
SQ30497,30/01/2017,Turbidity,1.64,NTU
SQ30497,15/02/2017,Turbidity,1.46,NTU
SQ30497,16/03/2017,Turbidity,1.74,NTU
SQ30497,10/04/2017,Turbidity,1.98,NTU
SQ30497,2/05/2017,Turbidity,1.73,NTU
SQ30521,22/01/1976,Turbidity,1,NTU
SQ30521,17/03/1988,Turbidity,2,NTU
SQ30521,23/05/1990,Turbidity,0.8,NTU
SQ30521,22/10/1992,Turbidity,0.58,NTU
SQ30521,8/03/1993,Turbidity,1.1,NTU
SQ30521,17/10/1995,Turbidity,1.5,NTU
SQ30521,19/04/1996,Turbidity,1.5,NTU
SQ30521,3/03/1997,Turbidity,0.75,NTU
SQ30521,9/12/1997,Turbidity,0.65,NTU
SQ30521,23/03/1998,Turbidity,1.3,NTU
SQ30521,3/12/2002,Turbidity,0.3,NTU
SQ30521,19/12/2002,Turbidity,0.4,NTU
SQ30521,17/01/2003,Turbidity,0.5,NTU
SQ30521,21/02/2003,Turbidity,0.6,NTU
SQ30521,6/12/2004,Turbidity,0.5,NTU
SQ30521,11/01/2005,Turbidity,0.6,NTU
SQ30521,8/02/2005,Turbidity,0.5,NTU
SQ30521,16/03/2005,Turbidity,0.7,NTU
SQ30521,14/04/2005,Turbidity,1.1,NTU
SQ30521,24/01/2006,Turbidity,0.7,NTU
SQ30521,24/02/2006,Turbidity,0.8,NTU
SQ30521,23/03/2006,Turbidity,0.5,NTU
SQ30521,19/04/2006,Turbidity,0.3,NTU
SQ30521,19/04/2006,Turbidity,0.4,NTU
SQ30521,30/01/2007,Turbidity,0.7,NTU
SQ30521,28/02/2007,Turbidity,0.9,NTU
SQ30521,27/03/2007,Turbidity,0.6,NTU
SQ30521,19/04/2007,Turbidity,0.5,NTU
SQ30521,16/01/2008,Turbidity,0.8,NTU
SQ30521,19/02/2008,Turbidity,0.4,NTU
SQ30521,27/03/2008,Turbidity,0.4,NTU
SQ30521,23/04/2008,Turbidity,0.4,NTU
SQ30521,21/01/2009,Turbidity,0.6,NTU
SQ30521,17/02/2009,Turbidity,0.7,NTU
SQ30521,17/03/2009,Turbidity,0.4,NTU
SQ30521,21/04/2009,Turbidity,0.5,NTU
SQ30521,17/12/2009,Turbidity,1,NTU
SQ30521,27/01/2010,Turbidity,0.6,NTU
SQ30521,23/02/2010,Turbidity,0.8,NTU
SQ30521,29/03/2010,Turbidity,0.6,NTU
SQ30521,5/05/2010,Turbidity,0.4,NTU
SQ30521,16/12/2010,Turbidity,0.6,NTU
SQ30521,24/01/2011,Turbidity,0.6,NTU
SQ30521,24/03/2011,Turbidity,1.1,NTU
SQ30521,9/12/2011,Turbidity,0.6,NTU
SQ30521,24/01/2012,Turbidity,0.4,NTU
SQ30521,27/02/2012,Turbidity,0.7,NTU
SQ30521,27/03/2012,Turbidity,0.7,NTU
SQ30521,3/05/2012,Turbidity,0.2,NTU
SQ30521,28/02/2013,Turbidity,0.64,NTU
SQ30521,20/03/2013,Turbidity,0.81,NTU
SQ30521,24/04/2013,Turbidity,1,NTU
SQ30521,23/12/2013,Turbidity,0.8,NTU
SQ30521,24/01/2014,Turbidity,0.86,NTU
SQ30521,26/02/2014,Turbidity,1.06,NTU
SQ30521,21/03/2014,Turbidity,1.27,NTU
SQ30521,24/04/2014,Turbidity,0.66,NTU
SQ30521,16/12/2014,Turbidity,0.86,NTU
SQ30521,22/01/2015,Turbidity,0.55,NTU
SQ30521,17/02/2015,Turbidity,0.69,NTU
SQ30521,10/03/2015,Turbidity,0.73,NTU
SQ30521,19/05/2015,Turbidity,1.02,NTU
SQ30521,9/12/2015,Turbidity,0.62,NTU
SQ30521,31/01/2016,Turbidity,0.67,NTU
SQ30521,23/02/2016,Turbidity,0.79,NTU
SQ30521,22/03/2016,Turbidity,0.67,NTU
SQ30521,26/04/2016,Turbidity,0.67,NTU
SQ30521,30/01/2017,Turbidity,1.15,NTU
SQ30521,15/02/2017,Turbidity,0.82,NTU
SQ30521,16/03/2017,Turbidity,1.08,NTU
SQ30521,10/04/2017,Turbidity,1.86,NTU
SQ30521,2/05/2017,Turbidity,0.81,NTU
SQ30525,8/03/1993,Turbidity,0.65,NTU
SQ30525,17/10/1995,Turbidity,2,NTU
SQ30525,19/04/1996,Turbidity,2,NTU
SQ30525,3/03/1997,Turbidity,1.2,NTU
SQ30525,9/12/1997,Turbidity,2.7,NTU
SQ30525,23/03/1998,Turbidity,0.65,NTU
SQ30525,3/12/2002,Turbidity,0.4,NTU
SQ30525,19/12/2002,Turbidity,0.4,NTU
SQ30525,17/01/2003,Turbidity,0.6,NTU
SQ30525,21/02/2003,Turbidity,0.9,NTU
SQ30525,6/12/2004,Turbidity,0.6,NTU
SQ30525,11/01/2005,Turbidity,1.4,NTU
SQ30525,8/02/2005,Turbidity,0.4,NTU
SQ30525,16/03/2005,Turbidity,0.4,NTU
SQ30525,14/04/2005,Turbidity,0.5,NTU
SQ30525,24/01/2006,Turbidity,0.6,NTU
SQ30525,24/02/2006,Turbidity,1.7,NTU
SQ30525,23/03/2006,Turbidity,0.6,NTU
SQ30525,19/04/2006,Turbidity,0.5,NTU
SQ30525,19/04/2006,Turbidity,0.6,NTU
SQ30525,30/01/2007,Turbidity,1.2,NTU
SQ30525,28/02/2007,Turbidity,0.8,NTU
SQ30525,27/03/2007,Turbidity,1,NTU
SQ30525,19/04/2007,Turbidity,0.6,NTU
SQ30525,16/01/2008,Turbidity,0.6,NTU
SQ30525,19/02/2008,Turbidity,0.4,NTU
SQ30525,27/03/2008,Turbidity,0.5,NTU
SQ30525,23/04/2008,Turbidity,0.4,NTU
SQ30525,21/01/2009,Turbidity,0.8,NTU
SQ30525,17/02/2009,Turbidity,0.9,NTU
SQ30525,17/03/2009,Turbidity,0.6,NTU
SQ30525,21/04/2009,Turbidity,0.7,NTU
SQ30525,17/12/2009,Turbidity,1.8,NTU
SQ30525,27/01/2010,Turbidity,0.9,NTU
SQ30525,23/02/2010,Turbidity,0.8,NTU
SQ30525,29/03/2010,Turbidity,0.6,NTU
SQ30525,5/05/2010,Turbidity,0.5,NTU
SQ30525,16/12/2010,Turbidity,0.6,NTU
SQ30525,24/01/2011,Turbidity,0.5,NTU
SQ30525,24/03/2011,Turbidity,1.6,NTU
SQ30525,9/12/2011,Turbidity,0.7,NTU
SQ30525,24/01/2012,Turbidity,0.5,NTU
SQ30525,27/02/2012,Turbidity,0.8,NTU
SQ30525,27/03/2012,Turbidity,2.9,NTU
SQ30525,3/05/2012,Turbidity,0.5,NTU
SQ30525,21/01/2013,Turbidity,1.31,NTU
SQ30525,8/02/2013,Turbidity,0.78,NTU
SQ30525,28/02/2013,Turbidity,0.8,NTU
SQ30525,20/03/2013,Turbidity,1.02,NTU
SQ30525,24/04/2013,Turbidity,1.21,NTU
SQ30525,23/12/2013,Turbidity,0.83,NTU
SQ30525,24/01/2014,Turbidity,1.7,NTU
SQ30525,26/02/2014,Turbidity,1.48,NTU
SQ30525,21/03/2014,Turbidity,1.61,NTU
SQ30525,24/04/2014,Turbidity,1.06,NTU
SQ30525,16/12/2014,Turbidity,0.84,NTU
SQ30525,22/01/2015,Turbidity,1.11,NTU
SQ30525,17/02/2015,Turbidity,0.87,NTU
SQ30525,10/03/2015,Turbidity,1.13,NTU
SQ30525,19/05/2015,Turbidity,0.86,NTU
SQ30525,9/12/2015,Turbidity,0.82,NTU
SQ30525,31/01/2016,Turbidity,0.82,NTU
SQ30525,23/02/2016,Turbidity,1.34,NTU
SQ30525,22/03/2016,Turbidity,0.91,NTU
SQ30525,26/04/2016,Turbidity,0.8,NTU
SQ30525,30/01/2017,Turbidity,1.27,NTU
SQ30525,15/02/2017,Turbidity,1.12,NTU
SQ30525,16/03/2017,Turbidity,1.23,NTU
SQ30525,10/04/2017,Turbidity,1.26,NTU
SQ30525,2/05/2017,Turbidity,0.94,NTU
SQ30954,25/02/1988,Turbidity,360,NTU
SQ30954,15/11/1988,Turbidity,270,NTU
SQ30954,8/11/1989,Turbidity,58,NTU
SQ30954,27/04/1990,Turbidity,23.5,NTU
SQ30954,18/10/1990,Turbidity,71,NTU
SQ30954,12/03/1991,Turbidity,130,NTU
SQ30954,26/09/1991,Turbidity,84,NTU
SQ30954,6/03/1992,Turbidity,98,NTU
SQ30954,29/04/1993,Turbidity,68,NTU
SQ30954,10/11/1994,Turbidity,300,NTU
SQ30954,8/07/2009,Turbidity,66,NTU
SQ30954,5/08/2009,Turbidity,120,NTU
SQ30954,16/09/2009,Turbidity,150,NTU
SQ30954,7/10/2009,Turbidity,160,NTU
SQ30954,3/11/2009,Turbidity,54,NTU
SQ30954,16/12/2009,Turbidity,160,NTU
SQ30954,13/01/2010,Turbidity,190,NTU
SQ30954,1/02/2010,Turbidity,96,NTU
SQ30954,15/03/2010,Turbidity,130,NTU
SQ30954,7/04/2010,Turbidity,130,NTU
SQ30954,11/05/2010,Turbidity,30,NTU
SQ30954,9/06/2010,Turbidity,150,NTU
SQ30954,7/07/2010,Turbidity,23,NTU
SQ30954,3/08/2010,Turbidity,29,NTU
SQ30954,9/09/2010,Turbidity,64,NTU
SQ30954,16/09/2010,Turbidity,160,NTU
SQ30954,24/09/2010,Turbidity,180,NTU
SQ30954,29/09/2010,Turbidity,82,NTU
SQ30954,19/10/2010,Turbidity,180,NTU
SQ30954,3/11/2010,Turbidity,81,NTU
SQ30954,1/12/2010,Turbidity,59,NTU
SQ30954,18/01/2011,Turbidity,88,NTU
SQ30954,14/03/2011,Turbidity,195,NTU
SQ30954,11/04/2011,Turbidity,163,NTU
SQ30954,3/05/2011,Turbidity,128,NTU
SQ30954,8/06/2011,Turbidity,85,NTU
SQ30954,6/07/2011,Turbidity,65,NTU
SQ30954,3/08/2011,Turbidity,20,NTU
SQ30954,8/09/2011,Turbidity,17,NTU
SQ30954,17/10/2011,Turbidity,65,NTU
SQ30954,9/11/2011,Turbidity,140,NTU
SQ30954,8/12/2011,Turbidity,150,NTU
SQ30954,9/01/2012,Turbidity,270,NTU
SQ30954,21/02/2012,Turbidity,180,NTU
SQ30954,8/03/2012,Turbidity,470,NTU
SQ30954,3/04/2012,Turbidity,140,NTU
SQ30954,21/05/2012,Turbidity,120,NTU
SQ30954,25/06/2012,Turbidity,120,NTU
SQ30954,11/07/2012,Turbidity,48,NTU
SQ30954,16/08/2012,Turbidity,72,NTU
SQ30954,5/09/2012,Turbidity,110,NTU
SQ30954,9/10/2012,Turbidity,200,NTU
SQ30954,7/11/2012,Turbidity,210,NTU
SQ30954,17/12/2012,Turbidity,166,NTU
SQ30954,11/01/2013,Turbidity,220,NTU
SQ30954,7/02/2013,Turbidity,66,NTU
SQ30954,20/03/2013,Turbidity,46,NTU
SQ30954,16/04/2013,Turbidity,8,NTU
SQ30954,13/05/2013,Turbidity,27,NTU
SQ30954,6/06/2013,Turbidity,21,NTU
SQ30954,8/07/2013,Turbidity,81,NTU
SQ30954,13/08/2013,Turbidity,22,NTU
SQ30954,16/09/2013,Turbidity,68,NTU
SQ30954,15/10/2013,Turbidity,41,NTU
SQ30954,11/11/2013,Turbidity,42,NTU
SQ30954,9/12/2013,Turbidity,123,NTU
SQ30954,14/01/2014,Turbidity,76,NTU
SQ30954,10/02/2014,Turbidity,84,NTU
SQ30954,19/03/2014,Turbidity,85,NTU
SQ30954,4/04/2014,Turbidity,56,NTU
SQ30954,30/05/2014,Turbidity,240,NTU
SQ30954,23/06/2014,Turbidity,36,NTU
SQ30954,17/07/2014,Turbidity,184,NTU
SQ30954,13/08/2014,Turbidity,176,NTU
SQ30954,10/09/2014,Turbidity,67,NTU
SQ30954,7/10/2014,Turbidity,240,NTU
SQ30954,20/11/2014,Turbidity,540,NTU
SQ30954,11/12/2014,Turbidity,400,NTU
SQ30954,13/01/2015,Turbidity,240,NTU
SQ30954,10/02/2015,Turbidity,220,NTU
SQ30954,10/03/2015,Turbidity,260,NTU
SQ30954,22/04/2015,Turbidity,165,NTU
SQ30954,28/05/2015,Turbidity,260,NTU
SQ30954,23/06/2015,Turbidity,220,NTU
SQ30954,17/07/2015,Turbidity,47,NTU
SQ30954,11/08/2015,Turbidity,76,NTU
SQ30954,25/09/2015,Turbidity,72,NTU
SQ30954,15/10/2015,Turbidity,171,NTU
SQ30954,30/11/2015,Turbidity,187,NTU
SQ30954,18/12/2015,Turbidity,189,NTU
SQ30954,19/01/2016,Turbidity,200,NTU
SQ30954,23/02/2016,Turbidity,145,NTU
SQ30954,30/03/2016,Turbidity,230,NTU
SQ30954,20/04/2016,Turbidity,139,NTU
SQ30954,24/05/2016,Turbidity,370,NTU
SQ30954,23/06/2016,Turbidity,43,NTU
SQ30954,22/07/2016,Turbidity,111,NTU
SQ30954,18/08/2016,Turbidity,17.2,NTU
SQ30954,19/09/2016,Turbidity,147,NTU
SQ30954,2/11/2016,Turbidity,310,NTU
SQ30954,30/11/2016,Turbidity,400,NTU
SQ30954,19/12/2016,Turbidity,360,NTU
SQ30954,7/02/2017,Turbidity,520,NTU
SQ30954,9/03/2017,Turbidity,350,NTU
SQ30954,10/04/2017,Turbidity,168,NTU
SQ30954,15/05/2017,Turbidity,98,NTU
SQ30954,16/06/2017,Turbidity,173,NTU
SQ30954,25/07/2017,Turbidity,72,NTU
SQ30954,22/08/2017,Turbidity,104,NTU
SQ30954,22/09/2017,Turbidity,82,NTU
SQ30954,24/10/2017,Turbidity,73,NTU
SQ31043,11/02/1976,Turbidity,8,NTU
SQ31043,22/10/1992,Turbidity,0.64,NTU
SQ31043,6/12/2004,Turbidity,0.4,NTU
SQ31043,11/01/2005,Turbidity,0.3,NTU
SQ31043,8/02/2005,Turbidity,0.4,NTU
SQ31043,16/03/2005,Turbidity,0.4,NTU
SQ31043,14/04/2005,Turbidity,0.6,NTU
SQ31043,24/01/2006,Turbidity,0.7,NTU
SQ31043,24/02/2006,Turbidity,0.7,NTU
SQ31043,23/03/2006,Turbidity,0.8,NTU
SQ31043,19/04/2006,Turbidity,0.7,NTU
SQ31043,19/04/2006,Turbidity,1.5,NTU
SQ31043,30/01/2007,Turbidity,0.4,NTU
SQ31043,28/02/2007,Turbidity,0.4,NTU
SQ31043,27/03/2007,Turbidity,0.4,NTU
SQ31043,19/04/2007,Turbidity,0.5,NTU
SQ31043,16/01/2008,Turbidity,0.4,NTU
SQ31043,19/02/2008,Turbidity,0.4,NTU
SQ31043,27/03/2008,Turbidity,0.4,NTU
SQ31043,23/04/2008,Turbidity,0.4,NTU
SQ31043,21/01/2009,Turbidity,0.5,NTU
SQ31043,17/02/2009,Turbidity,0.5,NTU
SQ31043,17/03/2009,Turbidity,0.3,NTU
SQ31043,21/04/2009,Turbidity,0.3,NTU
SQ31043,17/12/2009,Turbidity,0.4,NTU
SQ31043,27/01/2010,Turbidity,0.4,NTU
SQ31043,23/02/2010,Turbidity,0.4,NTU
SQ31043,29/03/2010,Turbidity,0.4,NTU
SQ31043,5/05/2010,Turbidity,0.2,NTU
SQ31043,16/12/2010,Turbidity,0.4,NTU
SQ31043,24/01/2011,Turbidity,0.3,NTU
SQ31043,24/03/2011,Turbidity,0.7,NTU
SQ31043,9/12/2011,Turbidity,0.6,NTU
SQ31043,24/01/2012,Turbidity,18,NTU
SQ31043,27/02/2012,Turbidity,0.6,NTU
SQ31043,27/03/2012,Turbidity,0.9,NTU
SQ31043,3/05/2012,Turbidity,0.4,NTU
SQ31043,21/01/2013,Turbidity,0.5,NTU
SQ31043,8/02/2013,Turbidity,1.23,NTU
SQ31043,28/02/2013,Turbidity,1.47,NTU
SQ31043,20/03/2013,Turbidity,0.94,NTU
SQ31043,24/04/2013,Turbidity,0.6,NTU
SQ31043,23/12/2013,Turbidity,0.65,NTU
SQ31043,24/01/2014,Turbidity,0.8,NTU
SQ31043,26/02/2014,Turbidity,0.9,NTU
SQ31043,21/03/2014,Turbidity,1.15,NTU
SQ31043,24/04/2014,Turbidity,0.63,NTU
SQ31043,16/12/2014,Turbidity,0.78,NTU
SQ31043,22/01/2015,Turbidity,0.48,NTU
SQ31043,17/02/2015,Turbidity,0.86,NTU
SQ31043,10/03/2015,Turbidity,1.13,NTU
SQ31043,19/05/2015,Turbidity,0.61,NTU
SQ31043,9/12/2015,Turbidity,0.56,NTU
SQ31043,31/01/2016,Turbidity,0.67,NTU
SQ31043,23/02/2016,Turbidity,1.03,NTU
SQ31043,22/03/2016,Turbidity,0.93,NTU
SQ31043,26/04/2016,Turbidity,0.73,NTU
SQ31043,30/01/2017,Turbidity,1,NTU
SQ31043,15/02/2017,Turbidity,0.75,NTU
SQ31043,16/03/2017,Turbidity,1.07,NTU
SQ31043,10/04/2017,Turbidity,0.98,NTU
SQ31043,2/05/2017,Turbidity,0.81,NTU
SQ31045,5/09/1991,Turbidity,0.54,NTU
SQ31045,7/11/1991,Turbidity,0.85,NTU
SQ31045,16/04/1992,Turbidity,0.51,NTU
SQ31045,4/09/1992,Turbidity,1.5,NTU
SQ31045,5/11/1992,Turbidity,0.74,NTU
SQ31045,19/03/1993,Turbidity,0.35,NTU
SQ31045,21/05/1993,Turbidity,0.3,NTU
SQ31045,13/09/1994,Turbidity,2.2,NTU
SQ31045,24/07/1996,Turbidity,0.2,NTU
SQ31045,6/12/2004,Turbidity,0.5,NTU
SQ31045,11/01/2005,Turbidity,0.4,NTU
SQ31045,8/02/2005,Turbidity,0.3,NTU
SQ31045,16/03/2005,Turbidity,0.4,NTU
SQ31045,14/04/2005,Turbidity,0.5,NTU
SQ31045,24/01/2006,Turbidity,0.5,NTU
SQ31045,24/02/2006,Turbidity,0.4,NTU
SQ31045,23/03/2006,Turbidity,0.3,NTU
SQ31045,19/04/2006,Turbidity,0.3,NTU
SQ31045,19/04/2006,Turbidity,0.5,NTU
SQ31045,30/01/2007,Turbidity,0.7,NTU
SQ31045,28/02/2007,Turbidity,0.4,NTU
SQ31045,27/03/2007,Turbidity,0.4,NTU
SQ31045,19/04/2007,Turbidity,0.3,NTU
SQ31045,16/01/2008,Turbidity,0.4,NTU
SQ31045,19/02/2008,Turbidity,1.5,NTU
SQ31045,27/03/2008,Turbidity,0.4,NTU
SQ31045,23/04/2008,Turbidity,0.4,NTU
SQ31045,21/01/2009,Turbidity,0.7,NTU
SQ31045,17/02/2009,Turbidity,0.4,NTU
SQ31045,17/03/2009,Turbidity,0.4,NTU
SQ31045,21/04/2009,Turbidity,0.3,NTU
SQ31045,17/12/2009,Turbidity,0.7,NTU
SQ31045,27/01/2010,Turbidity,0.5,NTU
SQ31045,29/03/2010,Turbidity,0.3,NTU
SQ31045,5/05/2010,Turbidity,0.6,NTU
SQ31045,16/12/2010,Turbidity,0.4,NTU
SQ31045,24/01/2011,Turbidity,0.9,NTU
SQ31045,24/03/2011,Turbidity,0.7,NTU
SQ31045,9/12/2011,Turbidity,0.9,NTU
SQ31045,24/01/2012,Turbidity,0.4,NTU
SQ31045,27/02/2012,Turbidity,0.6,NTU
SQ31045,27/03/2012,Turbidity,0.8,NTU
SQ31045,3/05/2012,Turbidity,0.2,NTU
SQ31045,21/01/2013,Turbidity,1.24,NTU
SQ31045,8/02/2013,Turbidity,0.94,NTU
SQ31045,28/02/2013,Turbidity,0.46,NTU
SQ31045,20/03/2013,Turbidity,0.55,NTU
SQ31045,24/04/2013,Turbidity,0.33,NTU
SQ31045,23/12/2013,Turbidity,1.38,NTU
SQ31045,24/01/2014,Turbidity,1.19,NTU
SQ31045,26/02/2014,Turbidity,0.65,NTU
SQ31045,21/03/2014,Turbidity,0.55,NTU
SQ31045,24/04/2014,Turbidity,0.86,NTU
SQ31045,16/12/2014,Turbidity,1.22,NTU
SQ31045,22/01/2015,Turbidity,0.61,NTU
SQ31045,17/02/2015,Turbidity,0.59,NTU
SQ31045,10/03/2015,Turbidity,0.66,NTU
SQ31045,19/05/2015,Turbidity,0.86,NTU
SQ31045,9/12/2015,Turbidity,0.55,NTU
SQ31045,31/01/2016,Turbidity,0.72,NTU
SQ31045,23/02/2016,Turbidity,0.38,NTU
SQ31045,22/03/2016,Turbidity,0.39,NTU
SQ31045,26/04/2016,Turbidity,0.7,NTU
SQ31045,30/01/2017,Turbidity,1.06,NTU
SQ31045,15/02/2017,Turbidity,0.88,NTU
SQ31045,16/03/2017,Turbidity,0.5,NTU
SQ31045,10/04/2017,Turbidity,0.36,NTU
SQ31045,2/05/2017,Turbidity,0.88,NTU
SQ31047,19/10/1989,Turbidity,1,NTU
SQ31047,16/12/1992,Turbidity,2,NTU
SQ31047,15/03/1993,Turbidity,0.65,NTU
SQ31047,19/05/1995,Turbidity,0.4,NTU
SQ31047,23/11/1995,Turbidity,0.37,NTU
SQ31047,18/04/1996,Turbidity,2,NTU
SQ31047,4/03/1997,Turbidity,0.55,NTU
SQ31047,17/04/1998,Turbidity,0.72,NTU
SQ31047,6/12/2004,Turbidity,0.7,NTU
SQ31047,11/01/2005,Turbidity,0.8,NTU
SQ31047,8/02/2005,Turbidity,1.2,NTU
SQ31047,16/03/2005,Turbidity,0.6,NTU
SQ31047,14/04/2005,Turbidity,0.6,NTU
SQ31047,24/01/2006,Turbidity,0.8,NTU
SQ31047,24/02/2006,Turbidity,1.7,NTU
SQ31047,23/03/2006,Turbidity,0.9,NTU
SQ31047,19/04/2006,Turbidity,0.6,NTU
SQ31047,19/04/2006,Turbidity,0.7,NTU
SQ31047,30/01/2007,Turbidity,1.3,NTU
SQ31047,28/02/2007,Turbidity,1.2,NTU
SQ31047,27/03/2007,Turbidity,1.6,NTU
SQ31047,19/04/2007,Turbidity,0.8,NTU
SQ31047,16/01/2008,Turbidity,1.7,NTU
SQ31047,19/02/2008,Turbidity,1.5,NTU
SQ31047,27/03/2008,Turbidity,0.7,NTU
SQ31047,23/04/2008,Turbidity,0.6,NTU
SQ31047,21/01/2009,Turbidity,1,NTU
SQ31047,17/02/2009,Turbidity,0.7,NTU
SQ31047,17/03/2009,Turbidity,1,NTU
SQ31047,21/04/2009,Turbidity,0.5,NTU
SQ31047,17/12/2009,Turbidity,1.4,NTU
SQ31047,27/01/2010,Turbidity,1.7,NTU
SQ31047,23/02/2010,Turbidity,0.7,NTU
SQ31047,29/03/2010,Turbidity,0.7,NTU
SQ31047,5/05/2010,Turbidity,0.8,NTU
SQ31047,16/12/2010,Turbidity,0.6,NTU
SQ31047,24/01/2011,Turbidity,0.4,NTU
SQ31047,24/03/2011,Turbidity,1.1,NTU
SQ31047,9/12/2011,Turbidity,0.7,NTU
SQ31047,24/01/2012,Turbidity,0.5,NTU
SQ31047,27/02/2012,Turbidity,1.1,NTU
SQ31047,27/03/2012,Turbidity,0.9,NTU
SQ31047,3/05/2012,Turbidity,0.3,NTU
SQ31047,21/01/2013,Turbidity,1.15,NTU
SQ31047,8/02/2013,Turbidity,1.09,NTU
SQ31047,28/02/2013,Turbidity,6.8,NTU
SQ31047,20/03/2013,Turbidity,1.49,NTU
SQ31047,24/04/2013,Turbidity,2.3,NTU
SQ31047,23/12/2013,Turbidity,1.34,NTU
SQ31047,24/01/2014,Turbidity,2.8,NTU
SQ31047,26/02/2014,Turbidity,3.8,NTU
SQ31047,21/03/2014,Turbidity,5.1,NTU
SQ31047,24/04/2014,Turbidity,8.3,NTU
SQ31047,16/12/2014,Turbidity,3.1,NTU
SQ31047,22/01/2015,Turbidity,1.1,NTU
SQ31047,17/02/2015,Turbidity,1,NTU
SQ31047,10/03/2015,Turbidity,1.26,NTU
SQ31047,19/05/2015,Turbidity,0.75,NTU
SQ31047,9/12/2015,Turbidity,0.96,NTU
SQ31047,31/01/2016,Turbidity,2.3,NTU
SQ31047,23/02/2016,Turbidity,1.41,NTU
SQ31047,22/03/2016,Turbidity,1.69,NTU
SQ31047,26/04/2016,Turbidity,1.34,NTU
SQ31047,30/01/2017,Turbidity,3.5,NTU
SQ31047,15/02/2017,Turbidity,1.35,NTU
SQ31047,16/03/2017,Turbidity,1.2,NTU
SQ31047,10/04/2017,Turbidity,1.34,NTU
SQ31047,2/05/2017,Turbidity,2.3,NTU
SQ31051,12/02/1976,Turbidity,2.4,NTU
SQ31051,10/03/1988,Turbidity,0,NTU
SQ31051,19/10/1989,Turbidity,1,NTU
SQ31051,16/12/1992,Turbidity,0.9,NTU
SQ31051,15/03/1993,Turbidity,1.2,NTU
SQ31051,19/05/1995,Turbidity,0.6,NTU
SQ31051,23/11/1995,Turbidity,0.38,NTU
SQ31051,18/04/1996,Turbidity,2.5,NTU
SQ31051,4/03/1997,Turbidity,0.65,NTU
SQ31051,17/04/1998,Turbidity,0.72,NTU
SQ31051,6/12/2004,Turbidity,0.3,NTU
SQ31051,11/01/2005,Turbidity,0.4,NTU
SQ31051,8/02/2005,Turbidity,0.4,NTU
SQ31051,16/03/2005,Turbidity,0.4,NTU
SQ31051,14/04/2005,Turbidity,0.5,NTU
SQ31051,24/01/2006,Turbidity,0.4,NTU
SQ31051,24/02/2006,Turbidity,0.3,NTU
SQ31051,23/03/2006,Turbidity,0.3,NTU
SQ31051,19/04/2006,Turbidity,0.1,NTU
SQ31051,19/04/2006,Turbidity,0.2,NTU
SQ31051,30/01/2007,Turbidity,0.7,NTU
SQ31051,28/02/2007,Turbidity,0.5,NTU
SQ31051,27/03/2007,Turbidity,0.4,NTU
SQ31051,19/04/2007,Turbidity,0.2,NTU
SQ31051,16/01/2008,Turbidity,0.3,NTU
SQ31051,19/02/2008,Turbidity,0.2,NTU
SQ31051,27/03/2008,Turbidity,0.2,NTU
SQ31051,23/04/2008,Turbidity,0.3,NTU
SQ31051,21/01/2009,Turbidity,0.4,NTU
SQ31051,17/02/2009,Turbidity,0.3,NTU
SQ31051,17/03/2009,Turbidity,0.2,NTU
SQ31051,21/04/2009,Turbidity,0.2,NTU
SQ31051,17/12/2009,Turbidity,0.4,NTU
SQ31051,27/01/2010,Turbidity,0.4,NTU
SQ31051,29/03/2010,Turbidity,0.4,NTU
SQ31051,5/05/2010,Turbidity,0.3,NTU
SQ31051,16/12/2010,Turbidity,0.3,NTU
SQ31051,24/01/2011,Turbidity,0.3,NTU
SQ31051,24/03/2011,Turbidity,0.7,NTU
SQ31051,9/12/2011,Turbidity,0.6,NTU
SQ31051,24/01/2012,Turbidity,0.4,NTU
SQ31051,27/02/2012,Turbidity,0.4,NTU
SQ31051,27/03/2012,Turbidity,0.5,NTU
SQ31051,3/05/2012,Turbidity,0.2,NTU
SQ31051,21/01/2013,Turbidity,0.7,NTU
SQ31051,8/02/2013,Turbidity,0.43,NTU
SQ31051,28/02/2013,Turbidity,0.44,NTU
SQ31051,20/03/2013,Turbidity,0.56,NTU
SQ31051,24/04/2013,Turbidity,0.65,NTU
SQ31051,23/12/2013,Turbidity,0.58,NTU
SQ31051,24/01/2014,Turbidity,0.76,NTU
SQ31051,26/02/2014,Turbidity,0.95,NTU
SQ31051,21/03/2014,Turbidity,1.08,NTU
SQ31051,24/04/2014,Turbidity,0.69,NTU
SQ31051,16/12/2014,Turbidity,0.95,NTU
SQ31051,22/01/2015,Turbidity,0.52,NTU
SQ31051,17/02/2015,Turbidity,0.72,NTU
SQ31051,10/03/2015,Turbidity,0.85,NTU
SQ31051,19/05/2015,Turbidity,0.49,NTU
SQ31051,9/12/2015,Turbidity,0.73,NTU
SQ31051,31/01/2016,Turbidity,0.62,NTU
SQ31051,23/02/2016,Turbidity,0.45,NTU
SQ31051,22/03/2016,Turbidity,0.68,NTU
SQ31051,26/04/2016,Turbidity,0.71,NTU
SQ31051,30/01/2017,Turbidity,3,NTU
SQ31051,15/02/2017,Turbidity,27,NTU
SQ31051,16/03/2017,Turbidity,0.61,NTU
SQ31051,10/04/2017,Turbidity,1.69,NTU
SQ31051,2/05/2017,Turbidity,0.75,NTU
SQ31065,10/02/1976,Turbidity,1.2,NTU
SQ31065,10/02/1976,Turbidity,1.2,NTU
SQ31065,19/10/1989,Turbidity,1,NTU
SQ31065,16/12/1992,Turbidity,0.9,NTU
SQ31065,15/03/1993,Turbidity,0.35,NTU
SQ31065,19/05/1995,Turbidity,0.4,NTU
SQ31065,23/11/1995,Turbidity,0.73,NTU
SQ31065,18/04/1996,Turbidity,1.5,NTU
SQ31065,4/03/1997,Turbidity,0.4,NTU
SQ31065,17/04/1998,Turbidity,0.45,NTU
SQ31065,6/12/2004,Turbidity,0.5,NTU
SQ31065,11/01/2005,Turbidity,0.5,NTU
SQ31065,8/02/2005,Turbidity,0.3,NTU
SQ31065,16/03/2005,Turbidity,0.3,NTU
SQ31065,14/04/2005,Turbidity,0.5,NTU
SQ31065,24/01/2006,Turbidity,0.3,NTU
SQ31065,24/02/2006,Turbidity,0.3,NTU
SQ31065,23/03/2006,Turbidity,0.4,NTU
SQ31065,19/04/2006,Turbidity,0.3,NTU
SQ31065,19/04/2006,Turbidity,0.4,NTU
SQ31065,30/01/2007,Turbidity,0.5,NTU
SQ31065,28/02/2007,Turbidity,0.3,NTU
SQ31065,27/03/2007,Turbidity,0.4,NTU
SQ31065,19/04/2007,Turbidity,0.2,NTU
SQ31065,16/01/2008,Turbidity,0.3,NTU
SQ31065,19/02/2008,Turbidity,0.5,NTU
SQ31065,27/03/2008,Turbidity,0.3,NTU
SQ31065,23/04/2008,Turbidity,0.3,NTU
SQ31065,21/01/2009,Turbidity,0.4,NTU
SQ31065,17/02/2009,Turbidity,0.4,NTU
SQ31065,17/03/2009,Turbidity,0.2,NTU
SQ31065,21/04/2009,Turbidity,0.3,NTU
SQ31065,17/12/2009,Turbidity,0.3,NTU
SQ31065,27/01/2010,Turbidity,0.4,NTU
SQ31065,23/02/2010,Turbidity,0.4,NTU
SQ31065,29/03/2010,Turbidity,0.3,NTU
SQ31065,5/05/2010,Turbidity,0.2,NTU
SQ31065,16/12/2010,Turbidity,0.4,NTU
SQ31065,24/01/2011,Turbidity,0.4,NTU
SQ31065,24/03/2011,Turbidity,0.9,NTU
SQ31065,9/12/2011,Turbidity,0.6,NTU
SQ31065,24/01/2012,Turbidity,0.6,NTU
SQ31065,27/02/2012,Turbidity,0.7,NTU
SQ31065,27/03/2012,Turbidity,1,NTU
SQ31065,3/05/2012,Turbidity,0.2,NTU
SQ31065,21/01/2013,Turbidity,0.56,NTU
SQ31065,8/02/2013,Turbidity,0.48,NTU
SQ31065,28/02/2013,Turbidity,0.55,NTU
SQ31065,20/03/2013,Turbidity,0.59,NTU
SQ31065,24/04/2013,Turbidity,0.52,NTU
SQ31065,23/12/2013,Turbidity,0.62,NTU
SQ31065,24/01/2014,Turbidity,1.04,NTU
SQ31065,26/02/2014,Turbidity,0.63,NTU
SQ31065,21/03/2014,Turbidity,0.66,NTU
SQ31065,24/04/2014,Turbidity,0.71,NTU
SQ31065,16/12/2014,Turbidity,1.12,NTU
SQ31065,22/01/2015,Turbidity,0.45,NTU
SQ31065,17/02/2015,Turbidity,0.78,NTU
SQ31065,10/03/2015,Turbidity,1.2,NTU
SQ31065,19/05/2015,Turbidity,0.86,NTU
SQ31065,9/12/2015,Turbidity,0.33,NTU
SQ31065,31/01/2016,Turbidity,0.72,NTU
SQ31065,23/02/2016,Turbidity,0.55,NTU
SQ31065,22/03/2016,Turbidity,0.65,NTU
SQ31065,26/04/2016,Turbidity,0.75,NTU
SQ31065,30/01/2017,Turbidity,0.75,NTU
SQ31065,15/02/2017,Turbidity,0.94,NTU
SQ31065,16/03/2017,Turbidity,0.68,NTU
SQ31065,10/04/2017,Turbidity,1.31,NTU
SQ31065,2/05/2017,Turbidity,0.97,NTU
SQ31093,18/03/1997,Turbidity,0.5,NTU
SQ31093,16/10/1997,Turbidity,0.8,NTU
SQ31093,20/04/1998,Turbidity,0.4,NTU
SQ31093,21/11/2002,Turbidity,0.2,NTU
SQ31093,20/12/2002,Turbidity,0.4,NTU
SQ31093,16/01/2003,Turbidity,0.6,NTU
SQ31093,6/12/2004,Turbidity,0.7,NTU
SQ31093,11/01/2005,Turbidity,0.4,NTU
SQ31093,8/02/2005,Turbidity,1,NTU
SQ31093,16/03/2005,Turbidity,0.3,NTU
SQ31093,14/04/2005,Turbidity,0.5,NTU
SQ31093,24/01/2006,Turbidity,0.3,NTU
SQ31093,24/02/2006,Turbidity,0.8,NTU
SQ31093,23/03/2006,Turbidity,0.4,NTU
SQ31093,19/04/2006,Turbidity,0.4,NTU
SQ31093,19/04/2006,Turbidity,0.3,NTU
SQ31093,30/01/2007,Turbidity,0.4,NTU
SQ31093,28/02/2007,Turbidity,0.7,NTU
SQ31093,27/03/2007,Turbidity,0.3,NTU
SQ31093,19/04/2007,Turbidity,0.3,NTU
SQ31093,16/01/2008,Turbidity,0.5,NTU
SQ31093,19/02/2008,Turbidity,1,NTU
SQ31093,27/03/2008,Turbidity,1.4,NTU
SQ31093,23/04/2008,Turbidity,0.4,NTU
SQ31093,21/01/2009,Turbidity,0.7,NTU
SQ31093,17/02/2009,Turbidity,0.3,NTU
SQ31093,17/03/2009,Turbidity,0.3,NTU
SQ31093,21/04/2009,Turbidity,0.8,NTU
SQ31093,17/12/2009,Turbidity,0.6,NTU
SQ31093,27/01/2010,Turbidity,0.5,NTU
SQ31093,23/02/2010,Turbidity,0.4,NTU
SQ31093,29/03/2010,Turbidity,0.3,NTU
SQ31093,5/05/2010,Turbidity,0.3,NTU
SQ31093,16/12/2010,Turbidity,1.5,NTU
SQ31093,24/01/2011,Turbidity,0.2,NTU
SQ31093,24/03/2011,Turbidity,0.7,NTU
SQ31093,9/12/2011,Turbidity,0.5,NTU
SQ31093,24/01/2012,Turbidity,0.4,NTU
SQ31093,27/02/2012,Turbidity,0.6,NTU
SQ31093,27/03/2012,Turbidity,1.3,NTU
SQ31093,3/05/2012,Turbidity,0.3,NTU
SQ31093,21/01/2013,Turbidity,0.65,NTU
SQ31093,8/02/2013,Turbidity,0.6,NTU
SQ31093,28/02/2013,Turbidity,0.61,NTU
SQ31093,20/03/2013,Turbidity,0.45,NTU
SQ31093,24/04/2013,Turbidity,0.41,NTU
SQ31093,23/12/2013,Turbidity,0.57,NTU
SQ31093,24/01/2014,Turbidity,0.72,NTU
SQ31093,26/02/2014,Turbidity,1.14,NTU
SQ31093,21/03/2014,Turbidity,0.62,NTU
SQ31093,24/04/2014,Turbidity,0.65,NTU
SQ31093,16/12/2014,Turbidity,0.87,NTU
SQ31093,22/01/2015,Turbidity,0.52,NTU
SQ31093,17/02/2015,Turbidity,0.48,NTU
SQ31093,10/03/2015,Turbidity,0.75,NTU
SQ31093,19/05/2015,Turbidity,0.48,NTU
SQ31093,9/12/2015,Turbidity,0.42,NTU
SQ31093,31/01/2016,Turbidity,0.6,NTU
SQ31093,23/02/2016,Turbidity,0.9,NTU
SQ31093,22/03/2016,Turbidity,0.71,NTU
SQ31093,26/04/2016,Turbidity,0.75,NTU
SQ31093,30/01/2017,Turbidity,0.94,NTU
SQ31093,15/02/2017,Turbidity,0.67,NTU
SQ31093,16/03/2017,Turbidity,0.54,NTU
SQ31093,10/04/2017,Turbidity,0.98,NTU
SQ31093,2/05/2017,Turbidity,0.92,NTU
SQ31096,6/12/2004,Turbidity,0.4,NTU
SQ31096,11/01/2005,Turbidity,0.4,NTU
SQ31096,8/02/2005,Turbidity,0.2,NTU
SQ31096,16/03/2005,Turbidity,0.4,NTU
SQ31096,14/04/2005,Turbidity,0.5,NTU
SQ31096,24/01/2006,Turbidity,0.3,NTU
SQ31096,24/02/2006,Turbidity,0.3,NTU
SQ31096,23/03/2006,Turbidity,0.3,NTU
SQ31096,19/04/2006,Turbidity,0.3,NTU
SQ31096,19/04/2006,Turbidity,0.4,NTU
SQ31096,30/01/2007,Turbidity,0.4,NTU
SQ31096,28/02/2007,Turbidity,0.3,NTU
SQ31096,27/03/2007,Turbidity,0.4,NTU
SQ31096,19/04/2007,Turbidity,0.4,NTU
SQ31096,16/01/2008,Turbidity,0.2,NTU
SQ31096,19/02/2008,Turbidity,0.3,NTU
SQ31096,27/03/2008,Turbidity,0.2,NTU
SQ31096,23/04/2008,Turbidity,0.3,NTU
SQ31096,21/01/2009,Turbidity,0.3,NTU
SQ31096,17/02/2009,Turbidity,0.2,NTU
SQ31096,17/03/2009,Turbidity,0.3,NTU
SQ31096,21/04/2009,Turbidity,0.3,NTU
SQ31096,17/12/2009,Turbidity,0.5,NTU
SQ31096,27/01/2010,Turbidity,0.3,NTU
SQ31096,23/02/2010,Turbidity,0.2,NTU
SQ31096,29/03/2010,Turbidity,0.4,NTU
SQ31096,5/05/2010,Turbidity,0.2,NTU
SQ31096,16/12/2010,Turbidity,0.4,NTU
SQ31096,24/01/2011,Turbidity,0.2,NTU
SQ31096,24/03/2011,Turbidity,0.6,NTU
SQ31096,9/12/2011,Turbidity,0.5,NTU
SQ31096,24/01/2012,Turbidity,0.3,NTU
SQ31096,27/02/2012,Turbidity,0.4,NTU
SQ31096,27/03/2012,Turbidity,0.8,NTU
SQ31096,3/05/2012,Turbidity,0.4,NTU
SQ31096,21/01/2013,Turbidity,0.37,NTU
SQ31096,8/02/2013,Turbidity,0.4,NTU
SQ31096,28/02/2013,Turbidity,0.47,NTU
SQ31096,20/03/2013,Turbidity,0.52,NTU
SQ31096,24/04/2013,Turbidity,0.56,NTU
SQ31096,23/12/2013,Turbidity,0.49,NTU
SQ31096,24/01/2014,Turbidity,0.4,NTU
SQ31096,26/02/2014,Turbidity,0.65,NTU
SQ31096,21/03/2014,Turbidity,0.69,NTU
SQ31096,24/04/2014,Turbidity,0.95,NTU
SQ31096,16/12/2014,Turbidity,0.54,NTU
SQ31096,22/01/2015,Turbidity,0.67,NTU
SQ31096,17/02/2015,Turbidity,0.89,NTU
SQ31096,10/03/2015,Turbidity,0.68,NTU
SQ31096,19/05/2015,Turbidity,0.4,NTU
SQ31096,9/12/2015,Turbidity,0.5,NTU
SQ31096,31/01/2016,Turbidity,0.58,NTU
SQ31096,23/02/2016,Turbidity,0.47,NTU
SQ31096,22/03/2016,Turbidity,0.45,NTU
SQ31096,26/04/2016,Turbidity,0.5,NTU
SQ31096,30/01/2017,Turbidity,0.58,NTU
SQ31096,15/02/2017,Turbidity,0.38,NTU
SQ31096,16/03/2017,Turbidity,0.47,NTU
SQ31096,10/04/2017,Turbidity,0.56,NTU
SQ31096,2/05/2017,Turbidity,0.6,NTU
SQ32801,6/12/2004,Turbidity,2.2,NTU
SQ32801,11/01/2005,Turbidity,2.5,NTU
SQ32801,8/02/2005,Turbidity,3.8,NTU
SQ32801,16/03/2005,Turbidity,3.1,NTU
SQ32801,14/04/2005,Turbidity,2.9,NTU
SQ32801,24/01/2006,Turbidity,1.6,NTU
SQ32801,24/02/2006,Turbidity,2.3,NTU
SQ32801,23/03/2006,Turbidity,3.6,NTU
SQ32801,19/04/2006,Turbidity,2.8,NTU
SQ32801,19/04/2006,Turbidity,3.6,NTU
SQ32801,30/01/2007,Turbidity,3.4,NTU
SQ32801,28/02/2007,Turbidity,4.6,NTU
SQ32801,27/03/2007,Turbidity,0.3,NTU
SQ32801,19/04/2007,Turbidity,4.1,NTU
SQ32801,16/01/2008,Turbidity,6.9,NTU
SQ32801,19/02/2008,Turbidity,8.6,NTU
SQ32801,27/03/2008,Turbidity,18,NTU
SQ32801,23/04/2008,Turbidity,14,NTU
SQ32801,21/01/2009,Turbidity,19,NTU
SQ32801,17/02/2009,Turbidity,14,NTU
SQ32801,17/03/2009,Turbidity,7.6,NTU
SQ32801,21/04/2009,Turbidity,5.5,NTU
SQ32801,17/12/2009,Turbidity,5.5,NTU
SQ32801,27/01/2010,Turbidity,1.6,NTU
SQ32801,23/02/2010,Turbidity,2.4,NTU
SQ32801,29/03/2010,Turbidity,2.1,NTU
SQ32801,5/05/2010,Turbidity,1.6,NTU
SQ32801,16/12/2010,Turbidity,0.5,NTU
SQ32801,24/01/2011,Turbidity,2.3,NTU
SQ32801,24/03/2011,Turbidity,5.9,NTU
SQ32801,9/12/2011,Turbidity,0.8,NTU
SQ32801,24/01/2012,Turbidity,0.4,NTU
SQ32801,27/02/2012,Turbidity,1.1,NTU
SQ32801,27/03/2012,Turbidity,1.1,NTU
SQ32801,3/05/2012,Turbidity,0.4,NTU
SQ32801,21/01/2013,Turbidity,2.3,NTU
SQ32801,8/02/2013,Turbidity,1.15,NTU
SQ32801,28/02/2013,Turbidity,1.35,NTU
SQ32801,20/03/2013,Turbidity,1.03,NTU
SQ32801,24/04/2013,Turbidity,5.4,NTU
SQ32801,23/12/2013,Turbidity,2.8,NTU
SQ32801,24/01/2014,Turbidity,5.2,NTU
SQ32801,26/02/2014,Turbidity,2.7,NTU
SQ32801,21/03/2014,Turbidity,1.36,NTU
SQ32801,24/04/2014,Turbidity,1.01,NTU
SQ32801,16/12/2014,Turbidity,0.89,NTU
SQ32801,22/01/2015,Turbidity,1.07,NTU
SQ32801,17/02/2015,Turbidity,1.07,NTU
SQ32801,10/03/2015,Turbidity,1.66,NTU
SQ32801,19/05/2015,Turbidity,1.68,NTU
SQ32801,9/12/2015,Turbidity,3.4,NTU
SQ32801,31/01/2016,Turbidity,2.1,NTU
SQ32801,23/02/2016,Turbidity,2.9,NTU
SQ32801,22/03/2016,Turbidity,4,NTU
SQ32801,26/04/2016,Turbidity,3.7,NTU
SQ32801,30/01/2017,Turbidity,10.7,NTU
SQ32801,15/02/2017,Turbidity,9.5,NTU
SQ32801,16/03/2017,Turbidity,4.2,NTU
SQ32801,10/04/2017,Turbidity,4,NTU
SQ32801,2/05/2017,Turbidity,2.7,NTU
SQ32802,6/12/2004,Turbidity,0.4,NTU
SQ32802,11/01/2005,Turbidity,0.4,NTU
SQ32802,8/02/2005,Turbidity,0.4,NTU
SQ32802,16/03/2005,Turbidity,0.5,NTU
SQ32802,14/04/2005,Turbidity,0.4,NTU
SQ32802,24/01/2006,Turbidity,0.4,NTU
SQ32802,24/02/2006,Turbidity,0.6,NTU
SQ32802,23/03/2006,Turbidity,0.5,NTU
SQ32802,19/04/2006,Turbidity,0.4,NTU
SQ32802,19/04/2006,Turbidity,0.4,NTU
SQ32802,30/01/2007,Turbidity,0.7,NTU
SQ32802,28/02/2007,Turbidity,0.7,NTU
SQ32802,27/03/2007,Turbidity,0.7,NTU
SQ32802,19/04/2007,Turbidity,0.4,NTU
SQ32802,16/01/2008,Turbidity,0.3,NTU
SQ32802,19/02/2008,Turbidity,0.3,NTU
SQ32802,27/03/2008,Turbidity,0.3,NTU
SQ32802,23/04/2008,Turbidity,0.3,NTU
SQ32802,21/01/2009,Turbidity,0.6,NTU
SQ32802,17/02/2009,Turbidity,0.3,NTU
SQ32802,17/03/2009,Turbidity,2.1,NTU
SQ32802,21/04/2009,Turbidity,0.3,NTU
SQ32802,17/12/2009,Turbidity,0.5,NTU
SQ32802,27/01/2010,Turbidity,0.3,NTU
SQ32802,23/02/2010,Turbidity,0.4,NTU
SQ32802,29/03/2010,Turbidity,0.3,NTU
SQ32802,5/05/2010,Turbidity,0.2,NTU
SQ32802,16/12/2010,Turbidity,0.5,NTU
SQ32802,24/01/2011,Turbidity,0.3,NTU
SQ32802,24/03/2011,Turbidity,1.1,NTU
SQ32802,9/12/2011,Turbidity,0.7,NTU
SQ32802,24/01/2012,Turbidity,0.5,NTU
SQ32802,27/02/2012,Turbidity,0.6,NTU
SQ32802,27/03/2012,Turbidity,0.6,NTU
SQ32802,3/05/2012,Turbidity,0.2,NTU
SQ32802,21/01/2013,Turbidity,0.46,NTU
SQ32802,8/02/2013,Turbidity,0.52,NTU
SQ32802,28/02/2013,Turbidity,0.6,NTU
SQ32802,20/03/2013,Turbidity,0.7,NTU
SQ32802,24/04/2013,Turbidity,15.9,NTU
SQ32802,23/12/2013,Turbidity,0.63,NTU
SQ32802,24/01/2014,Turbidity,0.52,NTU
SQ32802,26/02/2014,Turbidity,0.96,NTU
SQ32802,21/03/2014,Turbidity,1.25,NTU
SQ32802,24/04/2014,Turbidity,0.85,NTU
SQ32802,16/12/2014,Turbidity,1.15,NTU
SQ32802,22/01/2015,Turbidity,1.04,NTU
SQ32802,17/02/2015,Turbidity,0.86,NTU
SQ32802,10/03/2015,Turbidity,0.7,NTU
SQ32802,19/05/2015,Turbidity,0.43,NTU
SQ32802,9/12/2015,Turbidity,0.51,NTU
SQ32802,31/01/2016,Turbidity,0.54,NTU
SQ32802,23/02/2016,Turbidity,0.6,NTU
SQ32802,22/03/2016,Turbidity,0.62,NTU
SQ32802,26/04/2016,Turbidity,0.74,NTU
SQ32802,30/01/2017,Turbidity,0.78,NTU
SQ32802,15/02/2017,Turbidity,0.56,NTU
SQ32802,16/03/2017,Turbidity,0.48,NTU
SQ32802,10/04/2017,Turbidity,0.7,NTU
SQ32802,2/05/2017,Turbidity,0.56,NTU
SQ32804,6/12/2004,Turbidity,0.6,NTU
SQ32804,11/01/2005,Turbidity,0.6,NTU
SQ32804,8/02/2005,Turbidity,0.7,NTU
SQ32804,16/03/2005,Turbidity,0.8,NTU
SQ32804,14/04/2005,Turbidity,1.5,NTU
SQ32804,24/01/2006,Turbidity,0.7,NTU
SQ32804,24/02/2006,Turbidity,0.7,NTU
SQ32804,23/03/2006,Turbidity,0.8,NTU
SQ32804,19/04/2006,Turbidity,0.5,NTU
SQ32804,19/04/2006,Turbidity,0.6,NTU
SQ32804,30/01/2007,Turbidity,1,NTU
SQ32804,28/02/2007,Turbidity,1,NTU
SQ32804,27/03/2007,Turbidity,0.9,NTU
SQ32804,19/04/2007,Turbidity,0.6,NTU
SQ32804,16/01/2008,Turbidity,1.8,NTU
SQ32804,19/02/2008,Turbidity,0.9,NTU
SQ32804,27/03/2008,Turbidity,1.6,NTU
SQ32804,23/04/2008,Turbidity,0.9,NTU
SQ32804,21/01/2009,Turbidity,0.7,NTU
SQ32804,17/02/2009,Turbidity,0.8,NTU
SQ32804,17/03/2009,Turbidity,1.1,NTU
SQ32804,21/04/2009,Turbidity,0.5,NTU
SQ32804,17/12/2009,Turbidity,1.7,NTU
SQ32804,27/01/2010,Turbidity,2,NTU
SQ32804,23/02/2010,Turbidity,1.5,NTU
SQ32804,29/03/2010,Turbidity,1.7,NTU
SQ32804,5/05/2010,Turbidity,1,NTU
SQ32804,16/12/2010,Turbidity,0.7,NTU
SQ32804,24/01/2011,Turbidity,1.7,NTU
SQ32804,24/03/2011,Turbidity,2.6,NTU
SQ32804,9/12/2011,Turbidity,2.1,NTU
SQ32804,24/01/2012,Turbidity,1.2,NTU
SQ32804,27/02/2012,Turbidity,2,NTU
SQ32804,27/03/2012,Turbidity,2.6,NTU
SQ32804,3/05/2012,Turbidity,1.8,NTU
SQ32804,21/01/2013,Turbidity,1.04,NTU
SQ32804,8/02/2013,Turbidity,1.67,NTU
SQ32804,28/02/2013,Turbidity,1.67,NTU
SQ32804,20/03/2013,Turbidity,0.84,NTU
SQ32804,24/04/2013,Turbidity,0.96,NTU
SQ32804,23/12/2013,Turbidity,1.01,NTU
SQ32804,24/01/2014,Turbidity,0.76,NTU
SQ32804,26/02/2014,Turbidity,0.88,NTU
SQ32804,21/03/2014,Turbidity,1.41,NTU
SQ32804,24/04/2014,Turbidity,0.51,NTU
SQ32804,16/12/2014,Turbidity,1.39,NTU
SQ32804,22/01/2015,Turbidity,0.96,NTU
SQ32804,17/02/2015,Turbidity,1.28,NTU
SQ32804,10/03/2015,Turbidity,1.58,NTU
SQ32804,19/05/2015,Turbidity,0.68,NTU
SQ32804,9/12/2015,Turbidity,1.1,NTU
SQ32804,31/01/2016,Turbidity,1.14,NTU
SQ32804,23/02/2016,Turbidity,1.12,NTU
SQ32804,22/03/2016,Turbidity,0.98,NTU
SQ32804,26/04/2016,Turbidity,1.41,NTU
SQ32804,30/01/2017,Turbidity,1.69,NTU
SQ32804,15/02/2017,Turbidity,1.59,NTU
SQ32804,16/03/2017,Turbidity,1.21,NTU
SQ32804,10/04/2017,Turbidity,1.14,NTU
SQ32804,2/05/2017,Turbidity,1.12,NTU
SQ32908,6/12/2004,Turbidity,1,NTU
SQ32908,11/01/2005,Turbidity,1.2,NTU
SQ32908,8/02/2005,Turbidity,1.4,NTU
SQ32908,16/03/2005,Turbidity,1.4,NTU
SQ32908,14/04/2005,Turbidity,0.7,NTU
SQ32908,24/01/2006,Turbidity,1.4,NTU
SQ32908,24/02/2006,Turbidity,0.6,NTU
SQ32908,23/03/2006,Turbidity,0.5,NTU
SQ32908,19/04/2006,Turbidity,0.5,NTU
SQ32908,19/04/2006,Turbidity,0.9,NTU
SQ32908,30/01/2007,Turbidity,2.1,NTU
SQ32908,28/02/2007,Turbidity,0.8,NTU
SQ32908,27/03/2007,Turbidity,0.7,NTU
SQ32908,19/04/2007,Turbidity,0.5,NTU
SQ32908,16/01/2008,Turbidity,2.6,NTU
SQ32908,19/02/2008,Turbidity,0.9,NTU
SQ32908,27/03/2008,Turbidity,1.3,NTU
SQ32908,23/04/2008,Turbidity,0.5,NTU
SQ32908,21/01/2009,Turbidity,5.9,NTU
SQ32908,17/02/2009,Turbidity,1.9,NTU
SQ32908,17/03/2009,Turbidity,1.5,NTU
SQ32908,21/04/2009,Turbidity,0.8,NTU
SQ32908,17/12/2009,Turbidity,4.6,NTU
SQ32908,27/01/2010,Turbidity,6.7,NTU
SQ32908,23/02/2010,Turbidity,3.5,NTU
SQ32908,29/03/2010,Turbidity,3.6,NTU
SQ32908,5/05/2010,Turbidity,2.7,NTU
SQ32908,16/12/2010,Turbidity,0.7,NTU
SQ32908,24/01/2011,Turbidity,18,NTU
SQ32908,24/03/2011,Turbidity,17,NTU
SQ32908,9/12/2011,Turbidity,5.4,NTU
SQ32908,24/01/2012,Turbidity,2.4,NTU
SQ32908,27/02/2012,Turbidity,1,NTU
SQ32908,27/03/2012,Turbidity,1.1,NTU
SQ32908,3/05/2012,Turbidity,0.5,NTU
SQ32908,21/01/2013,Turbidity,12.1,NTU
SQ32908,8/02/2013,Turbidity,10.9,NTU
SQ32908,28/02/2013,Turbidity,5.8,NTU
SQ32908,20/03/2013,Turbidity,0.59,NTU
SQ32908,24/04/2013,Turbidity,1.16,NTU
SQ32908,23/12/2013,Turbidity,1.24,NTU
SQ32908,24/01/2014,Turbidity,2.5,NTU
SQ32908,26/02/2014,Turbidity,0.99,NTU
SQ32908,21/03/2014,Turbidity,0.84,NTU
SQ32908,24/04/2014,Turbidity,0.47,NTU
SQ32908,16/12/2014,Turbidity,1.69,NTU
SQ32908,22/01/2015,Turbidity,2.4,NTU
SQ32908,17/02/2015,Turbidity,1.51,NTU
SQ32908,10/03/2015,Turbidity,0.84,NTU
SQ32908,19/05/2015,Turbidity,7.6,NTU
SQ32908,9/12/2015,Turbidity,0.91,NTU
SQ32908,31/01/2016,Turbidity,1.11,NTU
SQ32908,23/02/2016,Turbidity,0.84,NTU
SQ32908,22/03/2016,Turbidity,8.9,NTU
SQ32908,26/04/2016,Turbidity,0.84,NTU
SQ32908,30/01/2017,Turbidity,1.75,NTU
SQ32908,15/02/2017,Turbidity,2.4,NTU
SQ32908,16/03/2017,Turbidity,0.46,NTU
SQ32908,10/04/2017,Turbidity,0.39,NTU
SQ32908,2/05/2017,Turbidity,0.55,NTU
SQ32909,24/01/2006,Turbidity,1.4,NTU
SQ32909,24/02/2006,Turbidity,0.2,NTU
SQ32909,23/03/2006,Turbidity,0.4,NTU
SQ32909,19/04/2006,Turbidity,0.3,NTU
SQ32909,19/04/2006,Turbidity,0.4,NTU
SQ32909,30/01/2007,Turbidity,1,NTU
SQ32909,28/02/2007,Turbidity,2.2,NTU
SQ32909,27/03/2007,Turbidity,0.8,NTU
SQ32909,19/04/2007,Turbidity,0.4,NTU
SQ32909,16/01/2008,Turbidity,2.1,NTU
SQ32909,19/02/2008,Turbidity,0.3,NTU
SQ32909,27/03/2008,Turbidity,0.5,NTU
SQ32909,23/04/2008,Turbidity,0.3,NTU
SQ32909,21/01/2009,Turbidity,1.9,NTU
SQ32909,17/02/2009,Turbidity,1.5,NTU
SQ32909,17/03/2009,Turbidity,0.7,NTU
SQ32909,21/04/2009,Turbidity,1.1,NTU
SQ32909,17/12/2009,Turbidity,1.5,NTU
SQ32909,27/01/2010,Turbidity,3.6,NTU
SQ32909,23/02/2010,Turbidity,1,NTU
SQ32909,29/03/2010,Turbidity,2.1,NTU
SQ32909,5/05/2010,Turbidity,2.9,NTU
SQ32909,16/12/2010,Turbidity,1,NTU
SQ32909,24/01/2011,Turbidity,3.7,NTU
SQ32909,24/03/2011,Turbidity,17,NTU
SQ32909,9/12/2011,Turbidity,5.4,NTU
SQ32909,24/01/2012,Turbidity,0.9,NTU
SQ32909,27/02/2012,Turbidity,0.9,NTU
SQ32909,27/03/2012,Turbidity,1.8,NTU
SQ32909,3/05/2012,Turbidity,0.5,NTU
SQ32909,21/01/2013,Turbidity,9.2,NTU
SQ32909,8/02/2013,Turbidity,9.9,NTU
SQ32909,28/02/2013,Turbidity,3.1,NTU
SQ32909,20/03/2013,Turbidity,0.6,NTU
SQ32909,24/04/2013,Turbidity,2,NTU
SQ32909,23/12/2013,Turbidity,1.84,NTU
SQ32909,24/01/2014,Turbidity,4,NTU
SQ32909,26/02/2014,Turbidity,1.06,NTU
SQ32909,21/03/2014,Turbidity,0.55,NTU
SQ32909,24/04/2014,Turbidity,0.68,NTU
SQ32909,16/12/2014,Turbidity,2.9,NTU
SQ32909,22/01/2015,Turbidity,1.13,NTU
SQ32909,17/02/2015,Turbidity,1.04,NTU
SQ32909,10/03/2015,Turbidity,1.05,NTU
SQ32909,19/05/2015,Turbidity,4.6,NTU
SQ32909,9/12/2015,Turbidity,1.5,NTU
SQ32909,31/01/2016,Turbidity,0.92,NTU
SQ32909,23/02/2016,Turbidity,1.68,NTU
SQ32909,22/03/2016,Turbidity,0.86,NTU
SQ32909,26/04/2016,Turbidity,0.54,NTU
SQ32909,30/01/2017,Turbidity,3.5,NTU
SQ32909,15/02/2017,Turbidity,2.6,NTU
SQ32909,16/03/2017,Turbidity,0.61,NTU
SQ32909,10/04/2017,Turbidity,0.45,NTU
SQ32909,2/05/2017,Turbidity,0.67,NTU
SQ33147,29/07/1993,Turbidity,20,NTU
SQ33147,24/08/1993,Turbidity,4.5,NTU
SQ33147,28/09/1993,Turbidity,37,NTU
SQ33147,27/10/1993,Turbidity,9.3,NTU
SQ33147,24/11/1993,Turbidity,30,NTU
SQ33147,14/12/1993,Turbidity,12,NTU
SQ33147,27/01/1994,Turbidity,3.6,NTU
SQ33147,22/02/1994,Turbidity,3.1,NTU
SQ33147,29/03/1994,Turbidity,3.4,NTU
SQ33147,28/04/1994,Turbidity,4.7,NTU
SQ33147,25/05/1994,Turbidity,5.5,NTU
SQ33147,21/06/1994,Turbidity,3.5,NTU
SQ33147,12/07/1994,Turbidity,29,NTU
SQ33147,17/08/1994,Turbidity,4.6,NTU
SQ33147,8/09/1994,Turbidity,2.5,NTU
SQ33147,18/10/1994,Turbidity,5,NTU
SQ33147,27/10/1994,Turbidity,4.5,NTU
SQ33147,15/11/1994,Turbidity,6,NTU
SQ33147,8/12/1994,Turbidity,15,NTU
SQ33147,17/01/1995,Turbidity,25,NTU
SQ33147,19/01/1995,Turbidity,13,NTU
SQ33147,26/01/1995,Turbidity,5.4,NTU
SQ33147,8/02/1995,Turbidity,6,NTU
SQ33147,23/02/1995,Turbidity,15,NTU
SQ33147,2/03/1995,Turbidity,30,NTU
SQ33147,9/03/1995,Turbidity,22,NTU
SQ33147,23/03/1995,Turbidity,19,NTU
SQ33147,31/03/1995,Turbidity,8.3,NTU
SQ33147,11/04/1995,Turbidity,50,NTU
SQ33147,19/04/1995,Turbidity,35,NTU
SQ33147,10/05/1995,Turbidity,29,NTU
SQ33147,25/05/1995,Turbidity,5,NTU
SQ33147,6/06/1995,Turbidity,24,NTU
SQ33147,8/06/1995,Turbidity,12,NTU
SQ33147,26/06/1995,Turbidity,4.5,NTU
SQ33147,7/07/1995,Turbidity,24,NTU
SQ33147,12/07/1995,Turbidity,140,NTU
SQ33147,20/07/1995,Turbidity,12,NTU
SQ33147,28/07/1995,Turbidity,2.7,NTU
SQ33147,9/08/1995,Turbidity,6,NTU
SQ33147,16/08/1995,Turbidity,12,NTU
SQ33147,24/08/1995,Turbidity,33,NTU
SQ33147,28/08/1995,Turbidity,80,NTU
SQ33147,8/09/1995,Turbidity,20,NTU
SQ33147,13/09/1995,Turbidity,10,NTU
SQ33147,22/09/1995,Turbidity,21,NTU
SQ33147,29/09/1995,Turbidity,35,NTU
SQ33147,6/10/1995,Turbidity,5.5,NTU
SQ33147,12/10/1995,Turbidity,20,NTU
SQ33147,18/10/1995,Turbidity,37,NTU
SQ33147,27/10/1995,Turbidity,5.4,NTU
SQ33147,3/11/1995,Turbidity,55,NTU
SQ33147,8/11/1995,Turbidity,7,NTU
SQ33147,20/11/1995,Turbidity,40,NTU
SQ33147,23/11/1995,Turbidity,48,NTU
SQ33147,30/11/1995,Turbidity,8,NTU
SQ33147,6/12/1995,Turbidity,25,NTU
SQ33147,22/12/1995,Turbidity,150,NTU
SQ33147,28/12/1995,Turbidity,95,NTU
SQ33147,4/01/1996,Turbidity,65,NTU
SQ33147,12/01/1996,Turbidity,65,NTU
SQ33147,18/01/1996,Turbidity,150,NTU
SQ33147,2/02/1996,Turbidity,100,NTU
SQ33147,9/02/1996,Turbidity,75,NTU
SQ33147,19/02/1996,Turbidity,95,NTU
SQ33147,29/02/1996,Turbidity,150,NTU
SQ33147,6/03/1996,Turbidity,100,NTU
SQ33147,14/03/1996,Turbidity,85,NTU
SQ33147,22/03/1996,Turbidity,35,NTU
SQ33147,29/03/1996,Turbidity,25,NTU
SQ33147,3/04/1996,Turbidity,35,NTU
SQ33147,11/04/1996,Turbidity,20,NTU
SQ33147,15/04/1996,Turbidity,35,NTU
SQ33147,24/04/1996,Turbidity,30,NTU
SQ33147,3/05/1996,Turbidity,25,NTU
SQ33147,10/05/1996,Turbidity,150,NTU
SQ33147,15/05/1996,Turbidity,30,NTU
SQ33147,24/05/1996,Turbidity,15,NTU
SQ33147,31/05/1996,Turbidity,20,NTU
SQ33147,7/06/1996,Turbidity,25,NTU
SQ33147,14/06/1996,Turbidity,30,NTU
SQ33147,28/06/1996,Turbidity,40,NTU
SQ33147,5/07/1996,Turbidity,15,NTU
SQ33147,10/07/1996,Turbidity,10,NTU
SQ33147,17/07/1996,Turbidity,75,NTU
SQ33147,26/07/1996,Turbidity,10,NTU
SQ33147,2/08/1996,Turbidity,15,NTU
SQ33147,8/08/1996,Turbidity,100,NTU
SQ33147,16/08/1996,Turbidity,90,NTU
SQ33147,21/08/1996,Turbidity,25,NTU
SQ33147,28/08/1996,Turbidity,10,NTU
SQ33147,12/09/1996,Turbidity,60,NTU
SQ33147,17/09/1996,Turbidity,20,NTU
SQ33147,4/10/1996,Turbidity,55,NTU
SQ33147,8/10/1996,Turbidity,100,NTU
SQ33147,18/10/1996,Turbidity,140,NTU
SQ33147,25/10/1996,Turbidity,10,NTU
SQ33147,1/11/1996,Turbidity,95,NTU
SQ33147,7/11/1996,Turbidity,35,NTU
SQ33147,14/11/1996,Turbidity,17,NTU
SQ33147,22/11/1996,Turbidity,16,NTU
SQ33147,28/11/1996,Turbidity,38,NTU
SQ33147,4/12/1996,Turbidity,7.6,NTU
SQ33147,11/12/1996,Turbidity,60,NTU
SQ33147,18/12/1996,Turbidity,60,NTU
SQ33147,23/12/1996,Turbidity,32,NTU
SQ33147,6/01/1997,Turbidity,22,NTU
SQ33147,17/01/1997,Turbidity,37,NTU
SQ33147,24/01/1997,Turbidity,23,NTU
SQ33147,31/01/1997,Turbidity,18,NTU
SQ33147,5/02/1997,Turbidity,35,NTU
SQ33147,12/02/1997,Turbidity,26,NTU
SQ33147,18/02/1997,Turbidity,16,NTU
SQ33147,26/02/1997,Turbidity,38,NTU
SQ33147,6/03/1997,Turbidity,23,NTU
SQ33147,14/03/1997,Turbidity,43,NTU
SQ33147,19/03/1997,Turbidity,17,NTU
SQ33147,27/03/1997,Turbidity,12,NTU
SQ33147,4/04/1997,Turbidity,16,NTU
SQ33147,9/04/1997,Turbidity,18,NTU
SQ33147,18/04/1997,Turbidity,28,NTU
SQ33147,24/04/1997,Turbidity,36,NTU
SQ33147,1/05/1997,Turbidity,18,NTU
SQ33147,9/05/1997,Turbidity,12,NTU
SQ33147,16/05/1997,Turbidity,12,NTU
SQ33147,23/05/1997,Turbidity,110,NTU
SQ33147,26/05/1997,Turbidity,9.2,NTU
SQ33147,3/06/1997,Turbidity,11,NTU
SQ33147,13/06/1997,Turbidity,4,NTU
SQ33147,20/06/1997,Turbidity,11,NTU
SQ33147,1/07/1997,Turbidity,5.5,NTU
SQ33147,9/07/1997,Turbidity,13,NTU
SQ33147,17/07/1997,Turbidity,40,NTU
SQ33147,23/07/1997,Turbidity,7.5,NTU
SQ33147,31/07/1997,Turbidity,8.8,NTU
SQ33147,5/08/1997,Turbidity,29,NTU
SQ33147,14/08/1997,Turbidity,6.6,NTU
SQ33147,20/08/1997,Turbidity,5.4,NTU
SQ33147,28/08/1997,Turbidity,84,NTU
SQ33147,5/09/1997,Turbidity,14,NTU
SQ33147,10/09/1997,Turbidity,90,NTU
SQ33147,19/09/1997,Turbidity,5.8,NTU
SQ33147,26/09/1997,Turbidity,5.8,NTU
SQ33147,3/10/1997,Turbidity,6.9,NTU
SQ33147,8/10/1997,Turbidity,7.2,NTU
SQ33147,15/10/1997,Turbidity,16,NTU
SQ33147,24/10/1997,Turbidity,10,NTU
SQ33147,30/10/1997,Turbidity,34,NTU
SQ33147,3/11/1997,Turbidity,67,NTU
SQ33147,11/11/1997,Turbidity,45,NTU
SQ33147,20/11/1997,Turbidity,23,NTU
SQ33147,28/11/1997,Turbidity,16,NTU
SQ33147,1/12/1997,Turbidity,24,NTU
SQ33147,12/12/1997,Turbidity,35,NTU
SQ33147,17/12/1997,Turbidity,16,NTU
SQ33147,23/12/1997,Turbidity,44,NTU
SQ33147,5/01/1998,Turbidity,55,NTU
SQ33147,16/01/1998,Turbidity,43,NTU
SQ33147,23/01/1998,Turbidity,36,NTU
SQ33147,30/01/1998,Turbidity,17,NTU
SQ33147,13/02/1998,Turbidity,35,NTU
SQ33147,20/02/1998,Turbidity,1500,NTU
SQ33147,24/02/1998,Turbidity,48,NTU
SQ33147,5/03/1998,Turbidity,17,NTU
SQ33147,12/03/1998,Turbidity,11,NTU
SQ33147,18/03/1998,Turbidity,39,NTU
SQ33147,27/03/1998,Turbidity,19,NTU
SQ33147,2/04/1998,Turbidity,26,NTU
SQ33147,9/04/1998,Turbidity,16,NTU
SQ33147,16/04/1998,Turbidity,25,NTU
SQ33147,24/04/1998,Turbidity,41,NTU
SQ33147,30/04/1998,Turbidity,18,NTU
SQ33147,6/05/1998,Turbidity,48,NTU
SQ33147,15/05/1998,Turbidity,47,NTU
SQ33147,19/05/1998,Turbidity,17,NTU
SQ33147,29/05/1998,Turbidity,20,NTU
SQ33147,3/06/1998,Turbidity,140,NTU
SQ33147,12/06/1998,Turbidity,42,NTU
SQ33147,19/06/1998,Turbidity,75,NTU
SQ33147,23/06/1998,Turbidity,12,NTU
SQ33147,3/07/1998,Turbidity,13,NTU
SQ33147,10/07/1998,Turbidity,3.6,NTU
SQ33147,14/07/1998,Turbidity,4.9,NTU
SQ33147,24/07/1998,Turbidity,6,NTU
SQ33147,31/07/1998,Turbidity,? 6,NTU
SQ33147,6/08/1998,Turbidity,4.3,NTU
SQ33147,14/08/1998,Turbidity,3.8,NTU
SQ33147,19/08/1998,Turbidity,4,NTU
SQ33147,27/08/1998,Turbidity,10,NTU
SQ33147,4/09/1998,Turbidity,50,NTU
SQ33147,9/09/1998,Turbidity,6.5,NTU
SQ33147,16/09/1998,Turbidity,49,NTU
SQ33147,24/09/1998,Turbidity,5,NTU
SQ33147,9/10/1998,Turbidity,6.9,NTU
SQ33147,13/10/1998,Turbidity,5.2,NTU
SQ33147,23/10/1998,Turbidity,17,NTU
SQ33147,30/10/1998,Turbidity,19,NTU
SQ33147,2/11/1998,Turbidity,20,NTU
SQ33147,11/11/1998,Turbidity,78,NTU
SQ33147,17/11/1998,Turbidity,14,NTU
SQ33147,27/11/1998,Turbidity,8.7,NTU
SQ33147,3/12/1998,Turbidity,7.9,NTU
SQ33147,10/12/1998,Turbidity,21,NTU
SQ33147,18/12/1998,Turbidity,12,NTU
SQ33147,23/12/1998,Turbidity,12,NTU
SQ33147,5/01/1999,Turbidity,95,NTU
SQ33147,12/01/1999,Turbidity,130,NTU
SQ33147,19/01/1999,Turbidity,70,NTU
SQ33147,27/01/1999,Turbidity,88,NTU
SQ33147,1/02/1999,Turbidity,150,NTU
SQ33147,10/02/1999,Turbidity,46,NTU
SQ33147,17/02/1999,Turbidity,23,NTU
SQ33147,26/02/1999,Turbidity,38,NTU
SQ33147,3/03/1999,Turbidity,28,NTU
SQ33147,10/03/1999,Turbidity,71,NTU
SQ33147,17/03/1999,Turbidity,28,NTU
SQ33147,24/03/1999,Turbidity,17,NTU
SQ33147,1/04/1999,Turbidity,19,NTU
SQ33147,7/04/1999,Turbidity,110,NTU
SQ33147,12/04/1999,Turbidity,10,NTU
SQ33147,23/04/1999,Turbidity,8.2,NTU
SQ33147,27/04/1999,Turbidity,7.1,NTU
SQ33147,5/05/1999,Turbidity,100,NTU
SQ33147,14/05/1999,Turbidity,14,NTU
SQ33147,21/05/1999,Turbidity,10,NTU
SQ33147,24/05/1999,Turbidity,3.8,NTU
SQ33147,4/06/1999,Turbidity,5.9,NTU
SQ33147,11/06/1999,Turbidity,5.2,NTU
SQ33147,16/06/1999,Turbidity,6,NTU
SQ33147,25/06/1999,Turbidity,7.4,NTU
SQ33147,1/07/1999,Turbidity,4.1,NTU
SQ33147,7/07/1999,Turbidity,4.6,NTU
SQ33147,14/07/1999,Turbidity,4.3,NTU
SQ33147,23/07/1999,Turbidity,21,NTU
SQ33147,30/07/1999,Turbidity,65,NTU
SQ33147,6/08/1999,Turbidity,48,NTU
SQ33147,11/08/1999,Turbidity,15,NTU
SQ33147,19/08/1999,Turbidity,14,NTU
SQ33147,26/08/1999,Turbidity,10,NTU
SQ33147,1/09/1999,Turbidity,14,NTU
SQ33147,10/09/1999,Turbidity,33,NTU
SQ33147,13/09/1999,Turbidity,37,NTU
SQ33147,23/09/1999,Turbidity,7,NTU
SQ33147,1/10/1999,Turbidity,4.5,NTU
SQ33147,8/10/1999,Turbidity,4.9,NTU
SQ33147,11/10/1999,Turbidity,5.5,NTU
SQ33147,22/10/1999,Turbidity,5.6,NTU
SQ33147,29/10/1999,Turbidity,6.4,NTU
SQ33147,4/11/1999,Turbidity,80,NTU
SQ33147,11/11/1999,Turbidity,7.4,NTU
SQ33147,17/11/1999,Turbidity,7.8,NTU
SQ33147,26/11/1999,Turbidity,15,NTU
SQ33147,1/12/1999,Turbidity,6.3,NTU
SQ33147,6/12/1999,Turbidity,5.9,NTU
SQ33147,17/12/1999,Turbidity,15,NTU
SQ33147,23/12/1999,Turbidity,20,NTU
SQ33147,10/01/2000,Turbidity,120,NTU
SQ33147,21/01/2000,Turbidity,40,NTU
SQ33147,28/01/2000,Turbidity,85,NTU
SQ33147,4/02/2000,Turbidity,18,NTU
SQ33147,10/02/2000,Turbidity,21,NTU
SQ33147,16/02/2000,Turbidity,13,NTU
SQ33147,21/02/2000,Turbidity,65,NTU
SQ33147,3/03/2000,Turbidity,23,NTU
SQ33147,10/03/2000,Turbidity,21,NTU
SQ33147,15/03/2000,Turbidity,7,NTU
SQ33147,20/03/2000,Turbidity,44,NTU
SQ33147,31/03/2000,Turbidity,4.2,NTU
SQ33147,6/04/2000,Turbidity,9,NTU
SQ33147,10/04/2000,Turbidity,2,NTU
SQ33147,17/04/2000,Turbidity,1.9,NTU
SQ33147,26/04/2000,Turbidity,2.1,NTU
SQ33147,3/05/2000,Turbidity,1.6,NTU
SQ33147,11/05/2000,Turbidity,2,NTU
SQ33147,15/05/2000,Turbidity,4.8,NTU
SQ33147,1/06/2000,Turbidity,45,NTU
SQ33147,9/06/2000,Turbidity,8.3,NTU
SQ33147,16/06/2000,Turbidity,7.4,NTU
SQ33147,21/06/2000,Turbidity,7.5,NTU
SQ33147,26/06/2000,Turbidity,5.3,NTU
SQ33147,7/07/2000,Turbidity,7.3,NTU
SQ33147,12/07/2000,Turbidity,3.5,NTU
SQ33147,21/07/2000,Turbidity,30,NTU
SQ33147,28/07/2000,Turbidity,3.6,NTU
SQ33147,2/08/2000,Turbidity,1.6,NTU
SQ33147,7/08/2000,Turbidity,1.1,NTU
SQ33147,18/08/2000,Turbidity,2.2,NTU
SQ33147,25/08/2000,Turbidity,13,NTU
SQ33147,30/08/2000,Turbidity,7.4,NTU
SQ33147,4/09/2000,Turbidity,11,NTU
SQ33147,15/09/2000,Turbidity,23,NTU
SQ33147,20/09/2000,Turbidity,4.5,NTU
SQ33147,29/09/2000,Turbidity,30,NTU
SQ33147,4/10/2000,Turbidity,2.6,NTU
SQ33147,9/10/2000,Turbidity,54,NTU
SQ33147,18/10/2000,Turbidity,88,NTU
SQ33147,26/10/2000,Turbidity,3.9,NTU
SQ33147,2/11/2000,Turbidity,2,NTU
SQ33147,9/11/2000,Turbidity,2.1,NTU
SQ33147,13/11/2000,Turbidity,1.1,NTU
SQ33147,20/11/2000,Turbidity,4.6,NTU
SQ33147,29/11/2000,Turbidity,4,NTU
SQ33147,6/12/2000,Turbidity,2,NTU
SQ33147,11/12/2000,Turbidity,26,NTU
SQ33147,19/12/2000,Turbidity,5.1,NTU
SQ33147,4/01/2001,Turbidity,9.5,NTU
SQ33147,8/01/2001,Turbidity,3.6,NTU
SQ33147,19/01/2001,Turbidity,18,NTU
SQ33147,22/01/2001,Turbidity,12,NTU
SQ33147,2/02/2001,Turbidity,12,NTU
SQ33147,5/02/2001,Turbidity,13,NTU
SQ33147,12/02/2001,Turbidity,15,NTU
SQ33147,23/02/2001,Turbidity,62,NTU
SQ33147,2/03/2001,Turbidity,14,NTU
SQ33147,8/03/2001,Turbidity,68,NTU
SQ33147,15/03/2001,Turbidity,5,NTU
SQ33147,21/03/2001,Turbidity,27,NTU
SQ33147,30/03/2001,Turbidity,4.8,NTU
SQ33147,2/04/2001,Turbidity,9.5,NTU
SQ33147,20/04/2001,Turbidity,10,NTU
SQ33147,26/04/2001,Turbidity,30,NTU
SQ33147,3/05/2001,Turbidity,23,NTU
SQ33147,11/05/2001,Turbidity,58,NTU
SQ33147,16/05/2001,Turbidity,25,NTU
SQ33147,24/05/2001,Turbidity,22,NTU
SQ33147,28/05/2001,Turbidity,42,NTU
SQ33147,8/06/2001,Turbidity,4.5,NTU
SQ33147,13/06/2001,Turbidity,5.5,NTU
SQ33147,22/06/2001,Turbidity,5.4,NTU
SQ33147,27/06/2001,Turbidity,4.7,NTU
SQ33147,6/07/2001,Turbidity,3.7,NTU
SQ33147,12/07/2001,Turbidity,3.4,NTU
SQ33147,20/07/2001,Turbidity,4.2,NTU
SQ33147,27/07/2001,Turbidity,7.2,NTU
SQ33147,2/08/2001,Turbidity,8.5,NTU
SQ33147,13/08/2001,Turbidity,4.2,NTU
SQ33147,24/08/2001,Turbidity,16,NTU
SQ33147,31/08/2001,Turbidity,6.7,NTU
SQ33147,3/09/2001,Turbidity,7.3,NTU
SQ33147,12/09/2001,Turbidity,11,NTU
SQ33147,17/09/2001,Turbidity,14,NTU
SQ33147,1/10/2001,Turbidity,62,NTU
SQ33147,12/10/2001,Turbidity,13,NTU
SQ33147,17/10/2001,Turbidity,8,NTU
SQ33147,24/10/2001,Turbidity,17,NTU
SQ33147,2/11/2001,Turbidity,6.6,NTU
SQ33147,5/11/2001,Turbidity,15,NTU
SQ33147,12/11/2001,Turbidity,9,NTU
SQ33147,20/11/2001,Turbidity,19,NTU
SQ33147,26/11/2001,Turbidity,22,NTU
SQ33147,3/12/2001,Turbidity,8,NTU
SQ33147,10/12/2001,Turbidity,18,NTU
SQ33147,20/12/2001,Turbidity,75,NTU
SQ33147,14/01/2002,Turbidity,12,NTU
SQ33147,25/01/2002,Turbidity,110,NTU
SQ33147,31/01/2002,Turbidity,20,NTU
SQ33147,8/02/2002,Turbidity,38,NTU
SQ33147,13/02/2002,Turbidity,9,NTU
SQ33147,18/02/2002,Turbidity,9,NTU
SQ33147,25/02/2002,Turbidity,12,NTU
SQ33147,6/03/2002,Turbidity,26,NTU
SQ33147,15/03/2002,Turbidity,34,NTU
SQ33147,18/03/2002,Turbidity,33,NTU
SQ33147,27/03/2002,Turbidity,20,NTU
SQ33147,3/04/2002,Turbidity,64,NTU
SQ33147,8/04/2002,Turbidity,44,NTU
SQ33147,19/04/2002,Turbidity,10,NTU
SQ33147,26/04/2002,Turbidity,10,NTU
SQ33147,3/05/2002,Turbidity,7.1,NTU
SQ33147,10/05/2002,Turbidity,4.4,NTU
SQ33147,13/05/2002,Turbidity,6.2,NTU
SQ33147,24/05/2002,Turbidity,240,NTU
SQ33147,29/05/2002,Turbidity,67,NTU
SQ33147,5/06/2002,Turbidity,7.6,NTU
SQ33147,13/06/2002,Turbidity,13,NTU
SQ33147,20/06/2002,Turbidity,7,NTU
SQ33147,27/06/2002,Turbidity,5.1,NTU
SQ33147,5/07/2002,Turbidity,7,NTU
SQ33147,12/07/2002,Turbidity,3.6,NTU
SQ33147,18/07/2002,Turbidity,14,NTU
SQ33147,24/07/2002,Turbidity,17,NTU
SQ33147,1/08/2002,Turbidity,4.5,NTU
SQ33147,7/08/2002,Turbidity,80,NTU
SQ33147,16/08/2002,Turbidity,9.1,NTU
SQ33147,19/08/2002,Turbidity,64,NTU
SQ33147,28/08/2002,Turbidity,28,NTU
SQ33147,2/09/2002,Turbidity,6.8,NTU
SQ33147,12/09/2002,Turbidity,3,NTU
SQ33147,18/09/2002,Turbidity,5.7,NTU
SQ33147,25/09/2002,Turbidity,15,NTU
SQ33147,30/09/2002,Turbidity,3.8,NTU
SQ33147,10/10/2002,Turbidity,4,NTU
SQ33147,16/10/2002,Turbidity,2.5,NTU
SQ33147,25/10/2002,Turbidity,22,NTU
SQ33147,1/11/2002,Turbidity,5,NTU
SQ33147,6/11/2002,Turbidity,3.8,NTU
SQ33147,14/11/2002,Turbidity,8.3,NTU
SQ33147,22/11/2002,Turbidity,12,NTU
SQ33147,26/11/2002,Turbidity,10,NTU
SQ33147,5/12/2002,Turbidity,27,NTU
SQ33147,9/12/2002,Turbidity,44,NTU
SQ33147,16/12/2002,Turbidity,5.3,NTU
SQ33147,8/01/2003,Turbidity,42,NTU
SQ33147,13/01/2003,Turbidity,19,NTU
SQ33147,21/01/2003,Turbidity,14,NTU
SQ33147,31/01/2003,Turbidity,3.4,NTU
SQ33147,4/02/2003,Turbidity,5.1,NTU
SQ33147,12/02/2003,Turbidity,6.7,NTU
SQ33147,17/02/2003,Turbidity,12,NTU
SQ33147,28/02/2003,Turbidity,75,NTU
SQ33147,5/03/2003,Turbidity,170,NTU
SQ33147,13/03/2003,Turbidity,20,NTU
SQ33147,19/03/2003,Turbidity,12,NTU
SQ33147,27/03/2003,Turbidity,18,NTU
SQ33147,2/04/2003,Turbidity,190,NTU
SQ33147,10/04/2003,Turbidity,22,NTU
SQ33147,16/04/2003,Turbidity,18,NTU
SQ33147,24/04/2003,Turbidity,11,NTU
SQ33147,2/05/2003,Turbidity,8.5,NTU
SQ33147,5/05/2003,Turbidity,11,NTU
SQ33147,15/05/2003,Turbidity,12,NTU
SQ33147,23/05/2003,Turbidity,5.6,NTU
SQ33147,30/05/2003,Turbidity,12,NTU
SQ33147,6/06/2003,Turbidity,15,NTU
SQ33147,9/06/2003,Turbidity,5.6,NTU
SQ33147,13/06/2003,Turbidity,9.2,NTU
SQ33147,20/06/2003,Turbidity,7,NTU
SQ33147,27/06/2003,Turbidity,21,NTU
SQ33147,4/07/2003,Turbidity,5.3,NTU
SQ33147,11/07/2003,Turbidity,12,NTU
SQ33147,14/07/2003,Turbidity,6,NTU
SQ33147,24/07/2003,Turbidity,10,NTU
SQ33147,28/07/2003,Turbidity,4.2,NTU
SQ33147,8/08/2003,Turbidity,3.8,NTU
SQ33147,15/08/2003,Turbidity,40,NTU
SQ33147,22/08/2003,Turbidity,4.3,NTU
SQ33147,27/08/2003,Turbidity,13,NTU
SQ33147,2/09/2003,Turbidity,5.7,NTU
SQ33147,8/09/2003,Turbidity,5.5,NTU
SQ33147,18/09/2003,Turbidity,48,NTU
SQ33147,24/09/2003,Turbidity,75,NTU
SQ33147,3/10/2003,Turbidity,30,NTU
SQ33147,15/10/2003,Turbidity,6.5,NTU
SQ33147,22/10/2003,Turbidity,5.5,NTU
SQ33147,30/10/2003,Turbidity,38,NTU
SQ33147,6/11/2003,Turbidity,7.6,NTU
SQ33147,12/11/2003,Turbidity,5,NTU
SQ33147,21/11/2003,Turbidity,72,NTU
SQ33147,27/11/2003,Turbidity,4.1,NTU
SQ33147,5/12/2003,Turbidity,5.5,NTU
SQ33147,10/12/2003,Turbidity,14,NTU
SQ33147,17/12/2003,Turbidity,10,NTU
SQ33147,23/12/2003,Turbidity,64,NTU
SQ33147,5/01/2004,Turbidity,140,NTU
SQ33147,29/01/2004,Turbidity,110,NTU
SQ33147,5/02/2004,Turbidity,58,NTU
SQ33147,11/02/2004,Turbidity,17,NTU
SQ33147,20/02/2004,Turbidity,26,NTU
SQ33147,25/02/2004,Turbidity,90,NTU
SQ33147,4/03/2004,Turbidity,32,NTU
SQ33147,12/03/2004,Turbidity,13,NTU
SQ33147,19/03/2004,Turbidity,16,NTU
SQ33147,26/03/2004,Turbidity,36,NTU
SQ33147,2/04/2004,Turbidity,22,NTU
SQ33147,8/04/2004,Turbidity,10,NTU
SQ33147,15/04/2004,Turbidity,15,NTU
SQ33147,19/04/2004,Turbidity,14,NTU
SQ33147,26/04/2004,Turbidity,12,NTU
SQ33147,5/05/2004,Turbidity,16,NTU
SQ33147,14/05/2004,Turbidity,6.7,NTU
SQ33147,19/05/2004,Turbidity,21,NTU
SQ33147,27/05/2004,Turbidity,6.3,NTU
SQ33147,4/06/2004,Turbidity,25,NTU
SQ33147,9/06/2004,Turbidity,13,NTU
SQ33147,16/06/2004,Turbidity,5.9,NTU
SQ33147,24/06/2004,Turbidity,18,NTU
SQ33147,30/06/2004,Turbidity,22,NTU
SQ33147,9/07/2004,Turbidity,5.4,NTU
SQ33147,15/07/2004,Turbidity,14,NTU
SQ33147,19/07/2004,Turbidity,5.6,NTU
SQ33147,2/08/2004,Turbidity,4,NTU
SQ33147,20/08/2004,Turbidity,16,NTU
SQ33147,2/09/2004,Turbidity,36,NTU
SQ33147,16/09/2004,Turbidity,5.2,NTU
SQ33147,28/09/2004,Turbidity,3.5,NTU
SQ33147,11/10/2004,Turbidity,11,NTU
SQ33147,29/10/2004,Turbidity,3.4,NTU
SQ33147,8/11/2004,Turbidity,4.4,NTU
SQ33147,26/11/2004,Turbidity,66,NTU
SQ33147,6/12/2004,Turbidity,34,NTU
SQ33147,6/01/2005,Turbidity,170,NTU
SQ33147,20/01/2005,Turbidity,25,NTU
SQ33147,3/02/2005,Turbidity,72,NTU
SQ33147,17/02/2005,Turbidity,110,NTU
SQ33147,2/03/2005,Turbidity,58,NTU
SQ33147,17/03/2005,Turbidity,24,NTU
SQ33147,22/03/2005,Turbidity,300,NTU
SQ33147,30/03/2005,Turbidity,100,NTU
SQ33147,11/04/2005,Turbidity,45,NTU
SQ33147,29/04/2005,Turbidity,20,NTU
SQ33147,9/05/2005,Turbidity,12,NTU
SQ33147,23/05/2005,Turbidity,6.4,NTU
SQ33147,1/06/2005,Turbidity,10,NTU
SQ33147,16/06/2005,Turbidity,7.9,NTU
SQ33147,29/06/2005,Turbidity,6.8,NTU
SQ33147,11/07/2005,Turbidity,17,NTU
SQ33147,27/07/2005,Turbidity,15,NTU
SQ33147,10/08/2005,Turbidity,6,NTU
SQ33147,24/08/2005,Turbidity,4.6,NTU
SQ33147,8/09/2005,Turbidity,3.5,NTU
SQ33147,23/09/2005,Turbidity,7.4,NTU
SQ33147,6/10/2005,Turbidity,28,NTU
SQ33147,17/10/2005,Turbidity,170,NTU
SQ33147,4/11/2005,Turbidity,3.8,NTU
SQ33147,17/11/2005,Turbidity,9.2,NTU
SQ33147,1/12/2005,Turbidity,6.1,NTU
SQ33147,12/12/2005,Turbidity,6.7,NTU
SQ33147,16/01/2006,Turbidity,24,NTU
SQ33147,2/02/2006,Turbidity,450,NTU
SQ33147,15/02/2006,Turbidity,90,NTU
SQ33147,6/03/2006,Turbidity,88,NTU
SQ33147,20/03/2006,Turbidity,84,NTU
SQ33147,6/04/2006,Turbidity,20,NTU
SQ33147,21/04/2006,Turbidity,27,NTU
SQ33147,21/04/2006,Turbidity,53,NTU
SQ33147,4/05/2006,Turbidity,48,NTU
SQ33147,4/05/2006,Turbidity,54,NTU
SQ33147,18/05/2006,Turbidity,16,NTU
SQ33147,31/05/2006,Turbidity,5,NTU
SQ33147,14/06/2006,Turbidity,18,NTU
SQ33147,28/06/2006,Turbidity,6.7,NTU
SQ33147,26/07/2006,Turbidity,8.4,NTU
SQ33147,9/08/2006,Turbidity,68,NTU
SQ33147,23/08/2006,Turbidity,150,NTU
SQ33147,1/09/2006,Turbidity,22,NTU
SQ33147,7/09/2006,Turbidity,3.7,NTU
SQ33147,21/09/2006,Turbidity,4.5,NTU
SQ33147,6/10/2006,Turbidity,6.7,NTU
SQ33147,18/10/2006,Turbidity,14,NTU
SQ33147,2/11/2006,Turbidity,30,NTU
SQ33147,16/11/2006,Turbidity,15,NTU
SQ33147,27/11/2006,Turbidity,7.4,NTU
SQ33147,15/12/2006,Turbidity,9.5,NTU
SQ33147,8/01/2007,Turbidity,6.4,NTU
SQ33147,26/01/2007,Turbidity,4.1,NTU
SQ33147,9/02/2007,Turbidity,6.7,NTU
SQ33147,23/02/2007,Turbidity,33,NTU
SQ33147,7/03/2007,Turbidity,88,NTU
SQ33147,21/03/2007,Turbidity,17,NTU
SQ33147,2/04/2007,Turbidity,85,NTU
SQ33147,16/04/2007,Turbidity,9.6,NTU
SQ33147,2/05/2007,Turbidity,4.8,NTU
SQ33147,16/05/2007,Turbidity,180,NTU
SQ33147,30/05/2007,Turbidity,22,NTU
SQ33147,13/06/2007,Turbidity,7.8,NTU
SQ33147,25/06/2007,Turbidity,350,NTU
SQ33147,12/07/2007,Turbidity,7.2,NTU
SQ33147,24/07/2007,Turbidity,14,NTU
SQ33147,8/08/2007,Turbidity,35,NTU
SQ33147,22/08/2007,Turbidity,37,NTU
SQ33147,6/09/2007,Turbidity,11,NTU
SQ33147,19/09/2007,Turbidity,6,NTU
SQ33147,10/10/2007,Turbidity,4.4,NTU
SQ33147,24/10/2007,Turbidity,7.2,NTU
SQ33147,8/11/2007,Turbidity,2.8,NTU
SQ33147,21/11/2007,Turbidity,2.5,NTU
SQ33147,5/12/2007,Turbidity,12,NTU
SQ33147,17/12/2007,Turbidity,3.2,NTU
SQ33147,3/01/2008,Turbidity,5.2,NTU
SQ33147,18/01/2008,Turbidity,190,NTU
SQ33147,28/01/2008,Turbidity,57,NTU
SQ33147,11/02/2008,Turbidity,49,NTU
SQ33147,27/02/2008,Turbidity,7.7,NTU
SQ33147,19/03/2008,Turbidity,4.4,NTU
SQ33147,27/03/2008,Turbidity,11,NTU
SQ33147,7/04/2008,Turbidity,7.8,NTU
SQ33147,21/04/2008,Turbidity,4.8,NTU
SQ33147,8/05/2008,Turbidity,6.9,NTU
SQ33147,19/05/2008,Turbidity,2.2,NTU
SQ33147,4/06/2008,Turbidity,15,NTU
SQ33147,18/06/2008,Turbidity,10,NTU
SQ33147,30/06/2008,Turbidity,41,NTU
SQ33147,15/07/2008,Turbidity,2.9,NTU
SQ33147,31/07/2008,Turbidity,28,NTU
SQ33147,13/08/2008,Turbidity,17,NTU
SQ33147,25/08/2008,Turbidity,6.7,NTU
SQ33147,11/09/2008,Turbidity,4.8,NTU
SQ33147,24/09/2008,Turbidity,9.7,NTU
SQ33147,8/10/2008,Turbidity,5.6,NTU
SQ33147,24/10/2008,Turbidity,4,NTU
SQ33147,3/11/2008,Turbidity,5.1,NTU
SQ33147,1/12/2008,Turbidity,55,NTU
SQ33147,19/01/2009,Turbidity,9.4,NTU
SQ33147,2/02/2009,Turbidity,16,NTU
SQ33147,3/03/2009,Turbidity,20,NTU
SQ33147,1/04/2009,Turbidity,17,NTU
SQ33147,15/05/2009,Turbidity,17,NTU
SQ33147,5/06/2009,Turbidity,7.6,NTU
SQ33147,24/06/2009,Turbidity,3.8,NTU
SQ33147,16/07/2009,Turbidity,4.1,NTU
SQ33147,24/08/2009,Turbidity,4.9,NTU
SQ33147,23/09/2009,Turbidity,7.2,NTU
SQ33147,21/10/2009,Turbidity,12,NTU
SQ33147,24/11/2009,Turbidity,13,NTU
SQ33147,9/12/2009,Turbidity,6.8,NTU
SQ33147,18/01/2010,Turbidity,25,NTU
SQ33147,17/02/2010,Turbidity,32,NTU
SQ33147,24/03/2010,Turbidity,14,NTU
SQ33147,14/04/2010,Turbidity,47,NTU
SQ33147,10/05/2010,Turbidity,17,NTU
SQ33147,24/06/2010,Turbidity,9.6,NTU
SQ33147,21/07/2010,Turbidity,28,NTU
SQ33147,18/08/2010,Turbidity,33,NTU
SQ33147,15/09/2010,Turbidity,14,NTU
SQ33147,11/10/2010,Turbidity,190,NTU
SQ33147,8/11/2010,Turbidity,3.1,NTU
SQ33147,6/12/2010,Turbidity,2.6,NTU
SQ33147,17/01/2011,Turbidity,8.8,NTU
SQ33147,14/02/2011,Turbidity,7.5,NTU
SQ33147,15/03/2011,Turbidity,16.2,NTU
SQ33147,13/04/2011,Turbidity,11.7,NTU
SQ33147,23/05/2011,Turbidity,7.8,NTU
SQ33147,15/06/2011,Turbidity,7.5,NTU
SQ33147,18/07/2011,Turbidity,25,NTU
SQ33147,18/08/2011,Turbidity,30,NTU
SQ33147,28/09/2011,Turbidity,4.9,NTU
SQ33147,19/10/2011,Turbidity,140,NTU
SQ33147,21/11/2011,Turbidity,78,NTU
SQ33147,12/12/2011,Turbidity,64,NTU
SQ33147,11/01/2012,Turbidity,16,NTU
SQ33147,20/02/2012,Turbidity,38,NTU
SQ33147,15/03/2012,Turbidity,15,NTU
SQ33147,16/04/2012,Turbidity,12,NTU
SQ33147,14/05/2012,Turbidity,10,NTU
SQ33147,13/06/2012,Turbidity,26,NTU
SQ33147,19/07/2012,Turbidity,5.3,NTU
SQ33147,22/08/2012,Turbidity,60,NTU
SQ33147,17/09/2012,Turbidity,7.2,NTU
SQ33147,9/10/2012,Turbidity,13,NTU
SQ33147,13/11/2012,Turbidity,4.5,NTU
SQ33147,12/12/2012,Turbidity,2.3,NTU
SQ33147,22/01/2013,Turbidity,7.1,NTU
SQ33147,12/02/2013,Turbidity,5.2,NTU
SQ33147,11/03/2013,Turbidity,4.7,NTU
SQ33147,10/04/2013,Turbidity,30,NTU
SQ33147,14/05/2013,Turbidity,6.6,NTU
SQ33147,10/06/2013,Turbidity,4.4,NTU
SQ33147,8/07/2013,Turbidity,31,NTU
SQ33147,13/08/2013,Turbidity,4.5,NTU
SQ33147,16/09/2013,Turbidity,6.2,NTU
SQ33147,15/10/2013,Turbidity,3.8,NTU
SQ33147,11/11/2013,Turbidity,17.8,NTU
SQ33147,9/12/2013,Turbidity,7.8,NTU
SQ33147,14/01/2014,Turbidity,17.7,NTU
SQ33147,10/02/2014,Turbidity,5.6,NTU
SQ33147,11/03/2014,Turbidity,34,NTU
SQ33147,10/04/2014,Turbidity,4.1,NTU
SQ33147,15/05/2014,Turbidity,24,NTU
SQ33147,12/06/2014,Turbidity,9.7,NTU
SQ33147,7/07/2014,Turbidity,28,NTU
SQ33147,13/08/2014,Turbidity,87,NTU
SQ33147,11/09/2014,Turbidity,6.1,NTU
SQ33147,8/10/2014,Turbidity,26,NTU
SQ33147,13/11/2014,Turbidity,19.3,NTU
SQ33147,8/12/2014,Turbidity,3.5,NTU
SQ33147,13/01/2015,Turbidity,1.31,NTU
SQ33147,10/02/2015,Turbidity,11.8,NTU
SQ33147,10/03/2015,Turbidity,33,NTU
SQ33147,14/04/2015,Turbidity,250,NTU
SQ33147,15/05/2015,Turbidity,24,NTU
SQ33147,11/06/2015,Turbidity,14.9,NTU
SQ33147,17/07/2015,Turbidity,18.6,NTU
SQ33147,11/08/2015,Turbidity,11.3,NTU
SQ33147,17/09/2015,Turbidity,4.5,NTU
SQ33147,8/10/2015,Turbidity,61,NTU
SQ33147,10/11/2015,Turbidity,9.5,NTU
SQ33147,15/12/2015,Turbidity,4.6,NTU
SQ33147,19/01/2016,Turbidity,54,NTU
SQ33147,16/02/2016,Turbidity,8,NTU
SQ33147,10/03/2016,Turbidity,24,NTU
SQ33147,13/04/2016,Turbidity,15.3,NTU
SQ33147,12/05/2016,Turbidity,34,NTU
SQ33147,10/06/2016,Turbidity,21,NTU
SQ33147,15/07/2016,Turbidity,112,NTU
SQ33147,8/08/2016,Turbidity,13,NTU
SQ33147,13/09/2016,Turbidity,32,NTU
SQ33147,11/10/2016,Turbidity,24,NTU
SQ33147,7/11/2016,Turbidity,4.8,NTU
SQ33147,6/12/2016,Turbidity,6.1,NTU
SQ33147,5/01/2017,Turbidity,39,NTU
SQ33147,8/02/2017,Turbidity,67,NTU
SQ33147,6/03/2017,Turbidity,25,NTU
SQ33147,10/04/2017,Turbidity,28,NTU
SQ33147,15/05/2017,Turbidity,2.6,NTU
SQ33147,16/06/2017,Turbidity,26,NTU
SQ33147,11/07/2017,Turbidity,4,NTU
SQ33147,8/08/2017,Turbidity,18.5,NTU
SQ33147,7/09/2017,Turbidity,27,NTU
SQ33147,13/10/2017,Turbidity,8.2,NTU
SQ34548,28/11/2002,Turbidity,2,NTU
SQ34548,9/01/2003,Turbidity,16,NTU
SQ34548,29/01/2003,Turbidity,0.9,NTU
SQ34548,24/02/2003,Turbidity,3.7,NTU
SQ34548,12/03/2003,Turbidity,1.8,NTU
SQ34548,30/04/2003,Turbidity,3.5,NTU
SQ34548,29/05/2003,Turbidity,0.6,NTU
SQ34548,26/06/2003,Turbidity,0.8,NTU
SQ34548,31/07/2003,Turbidity,0.6,NTU
SQ34548,22/08/2003,Turbidity,3.9,NTU
SQ34548,24/09/2003,Turbidity,0.7,NTU
SQ34548,22/10/2003,Turbidity,1,NTU
SQ34548,21/11/2003,Turbidity,2,NTU
SQ34548,17/12/2003,Turbidity,1.5,NTU
SQ34548,8/01/2004,Turbidity,3.3,NTU
SQ34548,20/02/2004,Turbidity,2.5,NTU
SQ34548,26/03/2004,Turbidity,1.4,NTU
SQ34548,15/04/2004,Turbidity,4.6,NTU
SQ34548,14/05/2004,Turbidity,2.3,NTU
SQ34548,30/06/2004,Turbidity,7.9,NTU
SQ34548,15/07/2004,Turbidity,2.2,NTU
SQ34548,27/08/2004,Turbidity,18,NTU
SQ34548,16/09/2004,Turbidity,2.7,NTU
SQ34548,14/10/2004,Turbidity,1.6,NTU
SQ34548,18/11/2004,Turbidity,3.1,NTU
SQ34548,16/12/2004,Turbidity,3.4,NTU
SQ34548,13/01/2005,Turbidity,3.1,NTU
SQ34548,3/02/2005,Turbidity,1.5,NTU
SQ34548,3/03/2005,Turbidity,0.8,NTU
SQ34548,7/04/2005,Turbidity,0.8,NTU
SQ34548,5/05/2005,Turbidity,0.4,NTU
SQ34548,9/06/2005,Turbidity,0.5,NTU
SQ34548,7/07/2005,Turbidity,13,NTU
SQ34548,17/08/2005,Turbidity,0.6,NTU
SQ34548,15/09/2005,Turbidity,0.4,NTU
SQ34548,28/10/2005,Turbidity,7,NTU
SQ34548,9/11/2005,Turbidity,0.4,NTU
SQ34548,8/12/2005,Turbidity,3.2,NTU
SQ34548,20/01/2006,Turbidity,0.8,NTU
SQ34548,2/02/2006,Turbidity,17,NTU
SQ34548,9/03/2006,Turbidity,1.5,NTU
SQ34548,6/04/2006,Turbidity,2.7,NTU
SQ34548,4/05/2006,Turbidity,0.4,NTU
SQ34548,4/05/2006,Turbidity,0.8,NTU
SQ34548,8/06/2006,Turbidity,1,NTU
SQ34548,14/07/2006,Turbidity,0.5,NTU
SQ34548,14/07/2006,Turbidity,0.8,NTU
SQ34548,18/08/2006,Turbidity,0.6,NTU
SQ34548,7/09/2006,Turbidity,0.5,NTU
SQ34548,19/10/2006,Turbidity,23,NTU
SQ34548,22/11/2006,Turbidity,1.4,NTU
SQ34548,14/12/2006,Turbidity,2.3,NTU
SQ34548,4/01/2007,Turbidity,1.1,NTU
SQ34548,7/02/2007,Turbidity,2,NTU
SQ34548,5/03/2007,Turbidity,1,NTU
SQ34548,12/04/2007,Turbidity,34,NTU
SQ34548,24/05/2007,Turbidity,0.6,NTU
SQ34548,6/06/2007,Turbidity,0.2,NTU
SQ34548,17/07/2007,Turbidity,0.7,NTU
SQ34548,9/08/2007,Turbidity,0.5,NTU
SQ34548,13/09/2007,Turbidity,3.6,NTU
SQ34548,11/10/2007,Turbidity,1.6,NTU
SQ34548,9/11/2007,Turbidity,0.9,NTU
SQ34548,10/12/2007,Turbidity,4.5,NTU
SQ34548,22/01/2008,Turbidity,1.8,NTU
SQ34548,14/02/2008,Turbidity,0.7,NTU
SQ34548,3/03/2008,Turbidity,5.6,NTU
SQ34548,3/04/2008,Turbidity,2.1,NTU
SQ34548,14/05/2008,Turbidity,0.8,NTU
SQ34548,12/06/2008,Turbidity,0.7,NTU
SQ34548,8/07/2008,Turbidity,2.3,NTU
SQ34548,14/08/2008,Turbidity,1.5,NTU
SQ34548,25/09/2008,Turbidity,0.4,NTU
SQ34548,1/10/2008,Turbidity,4.1,NTU
SQ34548,4/11/2008,Turbidity,0.8,NTU
SQ34548,8/12/2008,Turbidity,1.6,NTU
SQ34548,13/01/2009,Turbidity,1.2,NTU
SQ34548,10/02/2009,Turbidity,1.5,NTU
SQ34548,17/03/2009,Turbidity,0.4,NTU
SQ34548,17/04/2009,Turbidity,2.2,NTU
SQ34548,12/05/2009,Turbidity,0.5,NTU
SQ34548,8/06/2009,Turbidity,3.5,NTU
SQ34548,9/07/2009,Turbidity,0.5,NTU
SQ34548,13/08/2009,Turbidity,0.5,NTU
SQ34548,17/09/2009,Turbidity,1.1,NTU
SQ34548,8/10/2009,Turbidity,0.4,NTU
SQ34548,5/11/2009,Turbidity,3.4,NTU
SQ34548,21/12/2009,Turbidity,7.5,NTU
SQ34548,19/01/2010,Turbidity,0.3,NTU
SQ34548,2/02/2010,Turbidity,0.3,NTU
SQ34548,16/03/2010,Turbidity,0.8,NTU
SQ34548,8/04/2010,Turbidity,4.4,NTU
SQ34548,13/05/2010,Turbidity,40,NTU
SQ34548,10/06/2010,Turbidity,17,NTU
SQ34548,8/07/2010,Turbidity,4.2,NTU
SQ34548,4/08/2010,Turbidity,1.7,NTU
SQ34548,9/09/2010,Turbidity,0.4,NTU
SQ34548,6/10/2010,Turbidity,0.4,NTU
SQ34548,4/11/2010,Turbidity,0.5,NTU
SQ34548,2/12/2010,Turbidity,1.4,NTU
SQ34548,18/01/2011,Turbidity,0.3,NTU
SQ34548,3/02/2011,Turbidity,1.7,NTU
SQ34548,16/03/2011,Turbidity,1.07,NTU
SQ34548,12/04/2011,Turbidity,0.7,NTU
SQ34548,4/05/2011,Turbidity,0.86,NTU
SQ34548,1/06/2011,Turbidity,0.2,NTU
SQ34548,7/07/2011,Turbidity,2.7,NTU
SQ34548,4/08/2011,Turbidity,24,NTU
SQ34548,14/09/2011,Turbidity,0.5,NTU
SQ34548,18/10/2011,Turbidity,2.9,NTU
SQ34548,23/11/2011,Turbidity,0.4,NTU
SQ34548,7/12/2011,Turbidity,6.7,NTU
SQ34548,10/01/2012,Turbidity,2.6,NTU
SQ34548,22/02/2012,Turbidity,1.2,NTU
SQ34548,8/03/2012,Turbidity,3.1,NTU
SQ34548,4/04/2012,Turbidity,0.2,NTU
SQ34548,22/05/2012,Turbidity,0.1,NTU
SQ34548,26/06/2012,Turbidity,0.3,NTU
SQ34548,12/07/2012,Turbidity,0.9,NTU
SQ34548,16/08/2012,Turbidity,2.7,NTU
SQ34548,6/09/2012,Turbidity,9.5,NTU
SQ34548,10/10/2012,Turbidity,0.3,NTU
SQ34548,14/11/2012,Turbidity,<0.1,NTU
SQ34548,6/12/2012,Turbidity,0.64,NTU
SQ34548,14/01/2013,Turbidity,0.59,NTU
SQ34548,11/02/2013,Turbidity,1.95,NTU
SQ34548,12/03/2013,Turbidity,2,NTU
SQ34548,22/04/2013,Turbidity,0.58,NTU
SQ34548,23/05/2013,Turbidity,18.1,NTU
SQ34548,28/06/2013,Turbidity,1.22,NTU
SQ34548,16/07/2013,Turbidity,10.4,NTU
SQ34548,15/08/2013,Turbidity,0.44,NTU
SQ34548,18/09/2013,Turbidity,2.5,NTU
SQ34548,15/10/2013,Turbidity,0.54,NTU
SQ34548,21/11/2013,Turbidity,5.8,NTU
SQ34548,11/12/2013,Turbidity,5,NTU
SQ34548,22/01/2014,Turbidity,2.5,NTU
SQ34548,12/02/2014,Turbidity,16.7,NTU
SQ34548,20/03/2014,Turbidity,1.98,NTU
SQ34548,14/04/2014,Turbidity,3.2,NTU
SQ34548,22/05/2014,Turbidity,2.2,NTU
SQ34548,18/06/2014,Turbidity,3.2,NTU
SQ34548,24/07/2014,Turbidity,9.4,NTU
SQ34548,19/08/2014,Turbidity,2.1,NTU
SQ34548,17/09/2014,Turbidity,6.9,NTU
SQ34548,22/10/2014,Turbidity,1.21,NTU
SQ34548,20/11/2014,Turbidity,1.6,NTU
SQ34548,16/12/2014,Turbidity,1.26,NTU
SQ34548,21/01/2015,Turbidity,1.67,NTU
SQ34548,19/02/2015,Turbidity,4.7,NTU
SQ34548,20/03/2015,Turbidity,2.3,NTU
SQ34548,22/04/2015,Turbidity,3.1,NTU
SQ34548,18/05/2015,Turbidity,1.24,NTU
SQ34548,18/06/2015,Turbidity,5.5,NTU
SQ34548,22/07/2015,Turbidity,0.98,NTU
SQ34548,21/08/2015,Turbidity,1.52,NTU
SQ34548,24/09/2015,Turbidity,5.3,NTU
SQ34548,20/10/2015,Turbidity,1.19,NTU
SQ34548,19/11/2015,Turbidity,2.6,NTU
SQ34548,21/12/2015,Turbidity,1.3,NTU
SQ34548,20/01/2016,Turbidity,4.9,NTU
SQ34548,16/02/2016,Turbidity,7,NTU
SQ34548,23/03/2016,Turbidity,2.5,NTU
SQ34548,19/04/2016,Turbidity,2.2,NTU
SQ34548,17/05/2016,Turbidity,21,NTU
SQ34548,22/06/2016,Turbidity,4.7,NTU
SQ34548,19/07/2016,Turbidity,4.8,NTU
SQ34548,18/08/2016,Turbidity,1.14,NTU
SQ34548,21/09/2016,Turbidity,5.4,NTU
SQ34548,17/10/2016,Turbidity,11.7,NTU
SQ34548,22/11/2016,Turbidity,2.2,NTU
SQ34548,13/12/2016,Turbidity,3.1,NTU
SQ34548,18/01/2017,Turbidity,0.72,NTU
SQ34548,20/02/2017,Turbidity,1.07,NTU
SQ34548,21/03/2017,Turbidity,3.6,NTU
SQ34548,20/04/2017,Turbidity,2.6,NTU
SQ34548,16/05/2017,Turbidity,0.79,NTU
SQ34548,20/06/2017,Turbidity,1.33,NTU
SQ34548,17/07/2017,Turbidity,0.88,NTU
SQ34548,22/08/2017,Turbidity,1.76,NTU
SQ34548,20/09/2017,Turbidity,0.47,NTU
SQ34548,19/10/2017,Turbidity,1.48,NTU
SQ34907,24/01/2006,Turbidity,0.4,NTU
SQ34907,24/02/2006,Turbidity,0.5,NTU
SQ34907,23/03/2006,Turbidity,0.8,NTU
SQ34907,19/04/2006,Turbidity,0.5,NTU
SQ34907,19/04/2006,Turbidity,0.7,NTU
SQ34907,30/01/2007,Turbidity,2.6,NTU
SQ34907,28/02/2007,Turbidity,1.1,NTU
SQ34907,27/03/2007,Turbidity,1.3,NTU
SQ34907,19/04/2007,Turbidity,3.9,NTU
SQ34907,16/01/2008,Turbidity,1.2,NTU
SQ34907,19/02/2008,Turbidity,2.6,NTU
SQ34907,27/03/2008,Turbidity,2.6,NTU
SQ34907,23/04/2008,Turbidity,3.1,NTU
SQ34907,21/01/2009,Turbidity,1.5,NTU
SQ34907,17/02/2009,Turbidity,2,NTU
SQ34907,17/03/2009,Turbidity,0.8,NTU
SQ34907,21/04/2009,Turbidity,1.1,NTU
SQ34907,17/12/2009,Turbidity,2.4,NTU
SQ34907,27/01/2010,Turbidity,5.5,NTU
SQ34907,23/02/2010,Turbidity,0.6,NTU
SQ34907,29/03/2010,Turbidity,4,NTU
SQ34907,5/05/2010,Turbidity,2.5,NTU
SQ34907,16/12/2010,Turbidity,1.3,NTU
SQ34907,24/01/2011,Turbidity,14,NTU
SQ34907,24/03/2011,Turbidity,18,NTU
SQ34907,9/12/2011,Turbidity,4.2,NTU
SQ34907,24/01/2012,Turbidity,5.8,NTU
SQ34907,27/02/2012,Turbidity,2.2,NTU
SQ34907,27/03/2012,Turbidity,0.9,NTU
SQ34907,3/05/2012,Turbidity,0.4,NTU
SQ34907,21/01/2013,Turbidity,5.8,NTU
SQ34907,8/02/2013,Turbidity,2.6,NTU
SQ34907,28/02/2013,Turbidity,2.5,NTU
SQ34907,20/03/2013,Turbidity,1.22,NTU
SQ34907,23/12/2013,Turbidity,1.11,NTU
SQ34907,24/01/2014,Turbidity,1.44,NTU
SQ34907,26/02/2014,Turbidity,1.03,NTU
SQ34907,21/03/2014,Turbidity,1.18,NTU
SQ34907,24/04/2014,Turbidity,0.64,NTU
SQ34907,16/12/2014,Turbidity,0.84,NTU
SQ34907,22/01/2015,Turbidity,0.59,NTU
SQ34907,17/02/2015,Turbidity,0.57,NTU
SQ34907,10/03/2015,Turbidity,0.47,NTU
SQ34907,19/05/2015,Turbidity,0.36,NTU
SQ34907,9/12/2015,Turbidity,0.67,NTU
SQ34907,31/01/2016,Turbidity,0.46,NTU
SQ34907,23/02/2016,Turbidity,0.6,NTU
SQ34907,22/03/2016,Turbidity,0.49,NTU
SQ34907,26/04/2016,Turbidity,0.79,NTU
SQ34907,30/01/2017,Turbidity,0.5,NTU
SQ34907,15/02/2017,Turbidity,0.58,NTU
SQ34907,16/03/2017,Turbidity,0.59,NTU
SQ34907,10/04/2017,Turbidity,0.38,NTU
SQ34907,2/05/2017,Turbidity,0.54,NTU
SQ34908,24/01/2006,Turbidity,7,NTU
SQ34908,24/02/2006,Turbidity,6.9,NTU
SQ34908,23/03/2006,Turbidity,6.2,NTU
SQ34908,19/04/2006,Turbidity,4.4,NTU
SQ34908,19/04/2006,Turbidity,6.7,NTU
SQ34908,30/01/2007,Turbidity,12,NTU
SQ34908,28/02/2007,Turbidity,8.7,NTU
SQ34908,27/03/2007,Turbidity,8.1,NTU
SQ34908,19/04/2007,Turbidity,9.1,NTU
SQ34908,16/01/2008,Turbidity,12,NTU
SQ34908,19/02/2008,Turbidity,9.4,NTU
SQ34908,27/03/2008,Turbidity,12,NTU
SQ34908,23/04/2008,Turbidity,12,NTU
SQ34908,21/01/2009,Turbidity,9.6,NTU
SQ34908,17/02/2009,Turbidity,7.1,NTU
SQ34908,17/03/2009,Turbidity,0.8,NTU
SQ34908,21/04/2009,Turbidity,0.8,NTU
SQ34908,17/12/2009,Turbidity,12,NTU
SQ34908,27/01/2010,Turbidity,21,NTU
SQ34908,23/02/2010,Turbidity,20,NTU
SQ34908,29/03/2010,Turbidity,19,NTU
SQ34908,5/05/2010,Turbidity,18,NTU
SQ34908,16/12/2010,Turbidity,1.7,NTU
SQ34908,24/01/2011,Turbidity,26,NTU
SQ34908,24/03/2011,Turbidity,61,NTU
SQ34908,9/12/2011,Turbidity,15,NTU
SQ34908,24/01/2012,Turbidity,13,NTU
SQ34908,27/02/2012,Turbidity,8.5,NTU
SQ34908,27/03/2012,Turbidity,8.1,NTU
SQ34908,3/05/2012,Turbidity,1.9,NTU
SQ34908,21/01/2013,Turbidity,12.8,NTU
SQ34908,8/02/2013,Turbidity,10.2,NTU
SQ34908,28/02/2013,Turbidity,9.7,NTU
SQ34908,20/03/2013,Turbidity,3,NTU
SQ34908,24/04/2013,Turbidity,7.1,NTU
SQ34908,23/12/2013,Turbidity,4,NTU
SQ34908,24/01/2014,Turbidity,24,NTU
SQ34908,26/02/2014,Turbidity,6,NTU
SQ34908,21/03/2014,Turbidity,3.7,NTU
SQ34908,24/04/2014,Turbidity,2.3,NTU
SQ34908,16/12/2014,Turbidity,5.1,NTU
SQ34908,22/01/2015,Turbidity,5.4,NTU
SQ34908,17/02/2015,Turbidity,2.5,NTU
SQ34908,10/03/2015,Turbidity,2.2,NTU
SQ34908,19/05/2015,Turbidity,2.1,NTU
SQ34908,9/12/2015,Turbidity,4.6,NTU
SQ34908,31/01/2016,Turbidity,4.3,NTU
SQ34908,23/02/2016,Turbidity,5.9,NTU
SQ34908,22/03/2016,Turbidity,0.76,NTU
SQ34908,26/04/2016,Turbidity,6.5,NTU
SQ34908,30/01/2017,Turbidity,5.3,NTU
SQ34908,15/02/2017,Turbidity,6.9,NTU
SQ34908,16/03/2017,Turbidity,1.2,NTU
SQ34908,10/04/2017,Turbidity,0.89,NTU
SQ34908,2/05/2017,Turbidity,1.87,NTU
SQ35175,25/07/2007,Turbidity,5.7,NTU
SQ35175,28/07/2008,Turbidity,4.9,NTU
SQ35175,22/10/2008,Turbidity,98,NTU
SQ35175,29/01/2009,Turbidity,64,NTU
SQ35175,22/04/2009,Turbidity,230,NTU
SQ35175,28/07/2009,Turbidity,9.9,NTU
SQ35175,29/10/2009,Turbidity,10,NTU
SQ35175,27/01/2010,Turbidity,38,NTU
SQ35175,28/04/2010,Turbidity,34,NTU
SQ35175,14/07/2010,Turbidity,22,NTU
SQ35175,20/10/2010,Turbidity,34,NTU
SQ35175,25/01/2011,Turbidity,21,NTU
SQ35175,27/04/2011,Turbidity,35,NTU
SQ35175,13/07/2011,Turbidity,9.5,NTU
SQ35175,13/10/2011,Turbidity,48,NTU
SQ35175,30/01/2012,Turbidity,98,NTU
SQ35175,18/04/2012,Turbidity,93,NTU
SQ35175,25/07/2012,Turbidity,11,NTU
SQ35175,24/10/2012,Turbidity,7.1,NTU
SQ35175,22/01/2013,Turbidity,54,NTU
SQ35175,23/04/2013,Turbidity,56,NTU
SQ35175,24/07/2013,Turbidity,20,NTU
SQ35175,22/10/2013,Turbidity,11.6,NTU
SQ35175,30/01/2014,Turbidity,72,NTU
SQ35175,23/04/2014,Turbidity,83,NTU
SQ35175,29/07/2014,Turbidity,23,NTU
SQ35175,22/10/2014,Turbidity,37,NTU
SQ35175,28/01/2015,Turbidity,30,NTU
SQ35175,29/04/2015,Turbidity,43,NTU
SQ35175,30/07/2015,Turbidity,38,NTU
SQ35175,29/10/2015,Turbidity,19.1,NTU
SQ35175,27/01/2016,Turbidity,25,NTU
SQ35175,28/04/2016,Turbidity,24,NTU
SQ35175,28/07/2016,Turbidity,36,NTU
SQ35175,26/10/2016,Turbidity,18.2,NTU
SQ35175,31/01/2017,Turbidity,21,NTU
SQ35175,26/04/2017,Turbidity,20,NTU
SQ35175,25/07/2017,Turbidity,21,NTU
SQ35175,24/10/2017,Turbidity,24,NTU
SQ35595,11/06/2009,Turbidity,9.1,NTU
SQ35595,28/07/2009,Turbidity,9.2,NTU
SQ35595,25/08/2009,Turbidity,3.9,NTU
SQ35595,30/09/2009,Turbidity,6.4,NTU
SQ35595,14/10/2009,Turbidity,3.5,NTU
SQ35595,5/11/2009,Turbidity,2.7,NTU
SQ35595,16/12/2009,Turbidity,35,NTU
SQ35595,26/01/2010,Turbidity,5.9,NTU
SQ35595,10/02/2010,Turbidity,13,NTU
SQ35595,25/03/2010,Turbidity,9.2,NTU
SQ35595,21/04/2010,Turbidity,16,NTU
SQ35595,31/05/2010,Turbidity,6.1,NTU
SQ35595,23/06/2010,Turbidity,5.5,NTU
SQ35595,13/07/2010,Turbidity,2.6,NTU
SQ35595,3/08/2010,Turbidity,6.3,NTU
SQ35595,14/09/2010,Turbidity,22,NTU
SQ35595,5/10/2010,Turbidity,14,NTU
SQ35595,2/11/2010,Turbidity,7.5,NTU
SQ35595,14/12/2010,Turbidity,18,NTU
SQ35595,11/01/2011,Turbidity,78,NTU
SQ35595,1/02/2011,Turbidity,3.1,NTU
SQ35595,10/03/2011,Turbidity,25,NTU
SQ35595,12/04/2011,Turbidity,13.9,NTU
SQ35595,3/05/2011,Turbidity,6.4,NTU
SQ35595,7/06/2011,Turbidity,2.5,NTU
SQ35641,17/12/2009,Turbidity,1.6,NTU
SQ35641,27/01/2010,Turbidity,2.1,NTU
SQ35641,23/02/2010,Turbidity,2.6,NTU
SQ35641,29/03/2010,Turbidity,1.6,NTU
SQ35641,5/05/2010,Turbidity,1.5,NTU
SQ35641,16/12/2010,Turbidity,0.6,NTU
SQ35641,24/01/2011,Turbidity,17,NTU
SQ35641,24/03/2011,Turbidity,19,NTU
SQ35641,9/12/2011,Turbidity,4.8,NTU
SQ35641,24/01/2012,Turbidity,1.6,NTU
SQ35641,27/02/2012,Turbidity,1.1,NTU
SQ35641,27/03/2012,Turbidity,0.7,NTU
SQ35641,3/05/2012,Turbidity,0.2,NTU
SQ35641,21/01/2013,Turbidity,2.6,NTU
SQ35641,8/02/2013,Turbidity,1.4,NTU
SQ35641,28/02/2013,Turbidity,1.33,NTU
SQ35641,20/03/2013,Turbidity,0.64,NTU
SQ35641,24/04/2013,Turbidity,1.12,NTU
SQ35641,23/12/2013,Turbidity,1.18,NTU
SQ35641,24/01/2014,Turbidity,1.12,NTU
SQ35641,26/02/2014,Turbidity,1.1,NTU
SQ35641,21/03/2014,Turbidity,1.01,NTU
SQ35641,24/04/2014,Turbidity,5.6,NTU
SQ35641,16/12/2014,Turbidity,0.38,NTU
SQ35641,22/01/2015,Turbidity,0.37,NTU
SQ35641,17/02/2015,Turbidity,0.54,NTU
SQ35641,10/03/2015,Turbidity,0.51,NTU
SQ35641,19/05/2015,Turbidity,0.3,NTU
SQ35641,9/12/2015,Turbidity,0.49,NTU
SQ35641,31/01/2016,Turbidity,0.53,NTU
SQ35641,23/02/2016,Turbidity,0.66,NTU
SQ35641,22/03/2016,Turbidity,0.45,NTU
SQ35641,26/04/2016,Turbidity,0.46,NTU
SQ35641,30/01/2017,Turbidity,10.6,NTU
SQ35641,15/02/2017,Turbidity,0.53,NTU
SQ35641,16/03/2017,Turbidity,0.44,NTU
SQ35641,10/04/2017,Turbidity,0.42,NTU
SQ35641,2/05/2017,Turbidity,0.6,NTU
SQ35642,17/12/2009,Turbidity,0.4,NTU
SQ35642,27/01/2010,Turbidity,0.3,NTU
SQ35642,29/03/2010,Turbidity,0.3,NTU
SQ35642,5/05/2010,Turbidity,0.2,NTU
SQ35642,16/12/2010,Turbidity,0.4,NTU
SQ35642,24/01/2011,Turbidity,0.2,NTU
SQ35642,24/03/2011,Turbidity,0.8,NTU
SQ35642,9/12/2015,Turbidity,0.48,NTU
SQ35642,31/01/2016,Turbidity,0.42,NTU
SQ35642,23/02/2016,Turbidity,0.7,NTU
SQ35642,22/03/2016,Turbidity,0.39,NTU
SQ35642,26/04/2016,Turbidity,0.78,NTU
SQ35642,30/01/2017,Turbidity,1.35,NTU
SQ35642,15/02/2017,Turbidity,0.68,NTU
SQ35642,16/03/2017,Turbidity,0.59,NTU
SQ35642,10/04/2017,Turbidity,0.77,NTU
SQ35642,2/05/2017,Turbidity,0.76,NTU
